USE rcu ;
BEGIN;
DELETE FROM RCU_CMD_CONTENT;
DELETE FROM RCU_CMD_LEN;
DELETE FROM RCU_CMD_CONFIG;
DELETE FROM RCU_SET_CONFIG;
DELETE FROM RCU_CMD_DEFINE;
DELETE FROM RCU_TITLE_DEFINE;
DELETE FROM RCU_CMD_FORMAT;

INSERT INTO RCU_CMD_FORMAT (fmt_name,fmt_pos,fmt_val) VALUES('head',0,0xAA);
INSERT INTO RCU_CMD_FORMAT (fmt_name,fmt_pos,fmt_val) VALUES('head',1,0xCC);
INSERT INTO RCU_CMD_FORMAT (fmt_name,fmt_pos,fmt_val) VALUES('tail',0,0xBB);
INSERT INTO RCU_CMD_FORMAT (fmt_name,fmt_pos,fmt_val) VALUES('tail',1,0xCC);

INSERT INTO RCU_CMD_DEFINE (cmd_name,cmd_id,cmd_mean) VALUES('cmd',0x0000,'伪命令');
/*cmd_poll在这里意味着：
 * 1)自检发送命令
 * 2)接收到的轮询命令
 * 至于轮询的发送命令，因为是按周期发送固定byte流，所以写一个数据库的存储过程，
 * 过固定时间，调用这个存储过程就行了 */
INSERT INTO RCU_CMD_DEFINE (cmd_name,cmd_id,cmd_mean,cmd_pos) VALUES('cmd_poll',0x8008,'刷新命令',0);
INSERT INTO RCU_CMD_DEFINE (cmd_name,cmd_id,cmd_mean,cmd_pos) VALUES('cmd_card_delay',0xA11A,'拔卡延迟',1);
INSERT INTO RCU_CMD_DEFINE (cmd_name,cmd_id,cmd_mean,cmd_pos) VALUES('cmd_door_clock',0xA22A,'门钟设置',2);
INSERT INTO RCU_CMD_DEFINE (cmd_name,cmd_id,cmd_mean,cmd_pos) VALUES('cmd_light_ctrl',0xA44A,'远程灯组',3);
INSERT INTO RCU_CMD_DEFINE (cmd_name,cmd_id,cmd_mean,cmd_pos) VALUES('cmd_air_ctrl',0xA55A,'远程空调',4);
INSERT INTO RCU_CMD_DEFINE (cmd_name,cmd_id,cmd_mean,cmd_pos) VALUES('cmd_temp_ctrl',0xA66A,'温度限制',5);
INSERT INTO RCU_CMD_DEFINE (cmd_name,cmd_id,cmd_mean,cmd_pos) VALUES('cmd_mode_set',0xA77A,'模式设置',6);
INSERT INTO RCU_CMD_DEFINE (cmd_name,cmd_id,cmd_mean,cmd_pos) VALUES('cmd_in_set',0xA88A,'入住设置',7);
INSERT INTO RCU_CMD_DEFINE (cmd_name,cmd_id,cmd_mean,cmd_pos) VALUES('cmd_day_set',0xA99A,'欢迎白天',8);
INSERT INTO RCU_CMD_DEFINE (cmd_name,cmd_id,cmd_mean,cmd_pos) VALUES('cmd_night_set',0xA00A,'欢迎夜晚',9);
INSERT INTO RCU_CMD_DEFINE (cmd_name,cmd_id,cmd_mean,cmd_pos) VALUES('cmd_wind_set',0xABBA,'风机设置',10);
INSERT INTO RCU_CMD_DEFINE (cmd_name,cmd_id,cmd_mean,cmd_pos) VALUES('cmd_temp_comp',0xACCA,'温度补偿',11);
INSERT INTO RCU_CMD_DEFINE (cmd_name,cmd_id,cmd_mean,cmd_pos) VALUES('cmd_geotherm_set',0xB11B,'地热设置',12);
INSERT INTO RCU_CMD_DEFINE (cmd_name,cmd_id,cmd_mean,cmd_pos) VALUES('cmd_link_set',0xB00B,'连通设置',13);
INSERT INTO RCU_CMD_DEFINE (cmd_name,cmd_id,cmd_mean,cmd_pos) VALUES('cmd_offline_set',0xFFFF,'离线设置',13);

INSERT INTO RCU_TITLE_DEFINE (title_id,title_name) VALUES('cmd','命令');
INSERT INTO RCU_TITLE_DEFINE (title_id,title_name) VALUES('floorNo','楼层号');
INSERT INTO RCU_TITLE_DEFINE (title_id,title_name) VALUES('roomNo','房间号');
INSERT INTO RCU_TITLE_DEFINE (title_id,title_name) VALUES('cmd1','命令1');/*cmd的第一个字节*/
INSERT INTO RCU_TITLE_DEFINE (title_id,title_name) VALUES('cmd2','命令2');/*cmd的第二个字节*/
INSERT INTO RCU_TITLE_DEFINE (title_id,title_name,title_desc) VALUES('holder','','p_holder');
INSERT INTO RCU_TITLE_DEFINE (title_id,title_name,title_desc) VALUES('card','门卡状态','p_card_state');
INSERT INTO RCU_TITLE_DEFINE (title_id,title_name,title_desc) VALUES('busy','DND状态','p_busy_state');
INSERT INTO RCU_TITLE_DEFINE (title_id,title_name,title_desc) VALUES('room_temp','房间温度(℃)','p_temp');
INSERT INTO RCU_TITLE_DEFINE (title_id,title_name,title_desc) VALUES('setting_temp','设定温度(℃)','p_temp');
INSERT INTO RCU_TITLE_DEFINE (title_id,title_name,title_desc) VALUES('wind_level','空调风速','p_wind_level');
INSERT INTO RCU_TITLE_DEFINE (title_id,title_name,title_desc) VALUES('valve_state','阀门状态','p_valve_state');
INSERT INTO RCU_TITLE_DEFINE (title_id,title_name,title_desc) VALUES('room_temp1','房间温度1(℃)','p_temp');
INSERT INTO RCU_TITLE_DEFINE (title_id,title_name,title_desc) VALUES('setting_temp1','设定温度1(℃)','p_temp');
INSERT INTO RCU_TITLE_DEFINE (title_id,title_name,title_desc) VALUES('wind_level1','空调风速1','p_wind_level');
INSERT INTO RCU_TITLE_DEFINE (title_id,title_name,title_desc) VALUES('valve_state1','阀门状态1','p_valve_state');
INSERT INTO RCU_TITLE_DEFINE (title_id,title_name,title_desc) VALUES('room_temp2','房间温度2(℃)','p_temp');
INSERT INTO RCU_TITLE_DEFINE (title_id,title_name,title_desc) VALUES('setting_temp2','设定温度2(℃)','p_temp');
INSERT INTO RCU_TITLE_DEFINE (title_id,title_name,title_desc) VALUES('wind_level2','空调风速2','p_wind_level');
INSERT INTO RCU_TITLE_DEFINE (title_id,title_name,title_desc) VALUES('valve_state2','阀门状态2','p_valve_state');
INSERT INTO RCU_TITLE_DEFINE (title_id,title_name,title_desc) VALUES('geotherm_flag_state','地热状态','p_geotherm_state');
INSERT INTO RCU_TITLE_DEFINE (title_id,title_name,title_desc) VALUES('geotherm_yes_run','有卡工作时间(分)','p_work_time');
INSERT INTO RCU_TITLE_DEFINE (title_id,title_name,title_desc) VALUES('geotherm_yes_stop','有卡停止时间(分)','p_work_time');
INSERT INTO RCU_TITLE_DEFINE (title_id,title_name,title_desc) VALUES('geotherm_no_run','无卡工作时间(分)','p_work_time');
INSERT INTO RCU_TITLE_DEFINE (title_id,title_name,title_desc) VALUES('geotherm_no_stop','无卡停止时间(分)','p_work_time');
INSERT INTO RCU_TITLE_DEFINE (title_id,title_name,title_desc) VALUES('geotherm_state','地热状态','p_geotherm_state');
INSERT INTO RCU_TITLE_DEFINE (title_id,title_name,title_desc) VALUES('geotherm_temp','地热工作时间(分)','p_work_time');
INSERT INTO RCU_TITLE_DEFINE (title_id,title_name,title_desc) VALUES('setting_geotherm','地热停止时间(分)','p_work_time');
INSERT INTO RCU_TITLE_DEFINE (title_id,title_name,title_desc) VALUES('light_state_1','灯1','p_light_state');
INSERT INTO RCU_TITLE_DEFINE (title_id,title_name,title_desc) VALUES('light_state_2','灯2','p_light_state');
INSERT INTO RCU_TITLE_DEFINE (title_id,title_name,title_desc) VALUES('light_state_3','灯3','p_light_state');
INSERT INTO RCU_TITLE_DEFINE (title_id,title_name,title_desc) VALUES('light_state_4','灯4','p_light_state');
INSERT INTO RCU_TITLE_DEFINE (title_id,title_name,title_desc) VALUES('light_state_5','灯5','p_light_state');
INSERT INTO RCU_TITLE_DEFINE (title_id,title_name,title_desc) VALUES('light_state_6','灯6','p_light_state');
INSERT INTO RCU_TITLE_DEFINE (title_id,title_name,title_desc) VALUES('light_state_7','灯7','p_light_state');
INSERT INTO RCU_TITLE_DEFINE (title_id,title_name,title_desc) VALUES('light_state_8','灯8','p_light_state');
INSERT INTO RCU_TITLE_DEFINE (title_id,title_name,title_desc) VALUES('light_state_9','灯9','p_light_state');
INSERT INTO RCU_TITLE_DEFINE (title_id,title_name,title_desc) VALUES('light_state_10','灯10','p_light_state');
INSERT INTO RCU_TITLE_DEFINE (title_id,title_name,title_desc) VALUES('light_state_11','灯11','p_light_state');
INSERT INTO RCU_TITLE_DEFINE (title_id,title_name,title_desc) VALUES('light_state_12','灯12','p_light_state');
INSERT INTO RCU_TITLE_DEFINE (title_id,title_name,title_desc) VALUES('light_state_13','灯13','p_light_state');
INSERT INTO RCU_TITLE_DEFINE (title_id,title_name,title_desc) VALUES('light_state_14','灯14','p_light_state');
INSERT INTO RCU_TITLE_DEFINE (title_id,title_name,title_desc) VALUES('light_state_15','灯15','p_light_state');
INSERT INTO RCU_TITLE_DEFINE (title_id,title_name,title_desc) VALUES('light_state_16','灯16','p_light_state');
INSERT INTO RCU_TITLE_DEFINE (title_id,title_name,title_desc) VALUES('light_state_17','灯17','p_light_state');
INSERT INTO RCU_TITLE_DEFINE (title_id,title_name,title_desc) VALUES('light_state_18','灯18','p_light_state');
INSERT INTO RCU_TITLE_DEFINE (title_id,title_name,title_desc) VALUES('light_state_19','灯19','p_light_state');
INSERT INTO RCU_TITLE_DEFINE (title_id,title_name,title_desc) VALUES('light_state_20','灯20','p_light_state');
INSERT INTO RCU_TITLE_DEFINE (title_id,title_name,title_desc) VALUES('light_state_21','灯21','p_light_state');
INSERT INTO RCU_TITLE_DEFINE (title_id,title_name,title_desc) VALUES('light_state_22','灯22','p_light_state');
INSERT INTO RCU_TITLE_DEFINE (title_id,title_name,title_desc) VALUES('light_state_23','灯23','p_light_state');
INSERT INTO RCU_TITLE_DEFINE (title_id,title_name,title_desc) VALUES('light_state_24','灯24','p_light_state');
INSERT INTO RCU_TITLE_DEFINE (title_id,title_name,title_desc) VALUES('light_state_25','灯25','p_light_state');
INSERT INTO RCU_TITLE_DEFINE (title_id,title_name,title_desc) VALUES('light_state_26','灯26','p_light_state');
INSERT INTO RCU_TITLE_DEFINE (title_id,title_name,title_desc) VALUES('light_state_27','灯27','p_light_state');
INSERT INTO RCU_TITLE_DEFINE (title_id,title_name,title_desc) VALUES('light_state_28','灯28','p_light_state');
INSERT INTO RCU_TITLE_DEFINE (title_id,title_name,title_desc) VALUES('light_state_29','灯29','p_light_state');
INSERT INTO RCU_TITLE_DEFINE (title_id,title_name,title_desc) VALUES('light_state_30','灯30','p_light_state');
INSERT INTO RCU_TITLE_DEFINE (title_id,title_name,title_desc) VALUES('light_state_31','灯31','p_light_state');
INSERT INTO RCU_TITLE_DEFINE (title_id,title_name,title_desc) VALUES('light_state_32','灯32','p_light_state');
INSERT INTO RCU_TITLE_DEFINE (title_id,title_name,title_desc) VALUES('fresh_count','刷新次数','p_fresh_count');
INSERT INTO RCU_TITLE_DEFINE (title_id,title_name,title_desc) VALUES('offline_value1','离线值1','p_holder');
INSERT INTO RCU_TITLE_DEFINE (title_id,title_name,title_desc) VALUES('offline_value2','离线值2','p_holder');
INSERT INTO RCU_TITLE_DEFINE (title_id,title_name,title_desc) VALUES('offline_value3','离线值3','p_holder');
INSERT INTO RCU_TITLE_DEFINE (title_id,title_name,title_desc) VALUES('offline_value4','离线值4','p_holder');
INSERT INTO RCU_TITLE_DEFINE (title_id,title_name,title_desc) VALUES('offline_value5','离线值5','p_holder');
INSERT INTO RCU_TITLE_DEFINE (title_id,title_name) VALUES('room_name','房间名称');
INSERT INTO RCU_TITLE_DEFINE (title_id,title_name) VALUES('room_id','房间ID');
INSERT INTO RCU_TITLE_DEFINE (title_id,title_name) VALUES('room_desc','房间描述');
INSERT INTO RCU_TITLE_DEFINE (title_id,title_name,title_desc) VALUES('card_delay','拔卡延迟设置(秒)','p_card_delay');
INSERT INTO RCU_TITLE_DEFINE (title_id,title_name,title_desc) VALUES('door_clock','门钟状态设置','p_door_clock');
INSERT INTO RCU_TITLE_DEFINE (title_id,title_name,title_desc) VALUES('temp_ctrl_up','温控上限设置(℃)','p_temp');
INSERT INTO RCU_TITLE_DEFINE (title_id,title_name,title_desc) VALUES('temp_ctrl_dn','温控下限设置(℃)','p_temp');
INSERT INTO RCU_TITLE_DEFINE (title_id,title_name,title_desc) VALUES('temp_hold_up','温保上限设置(℃)','p_temp');
INSERT INTO RCU_TITLE_DEFINE (title_id,title_name,title_desc) VALUES('temp_hold_dn','温保下限设置(℃)','p_temp');
INSERT INTO RCU_TITLE_DEFINE (title_id,title_name,title_desc) VALUES('ctrl_mode','控制模式设置','p_ctrl_mode');
INSERT INTO RCU_TITLE_DEFINE (title_id,title_name,title_desc) VALUES('season_mode','季节模式设置','p_season_mode');
INSERT INTO RCU_TITLE_DEFINE (title_id,title_name,title_desc) VALUES('if_in','入住情况','p_if_in');
INSERT INTO RCU_TITLE_DEFINE (title_id,title_name,title_desc) VALUES('break_count','连接状态','p_break_count');
INSERT INTO RCU_TITLE_DEFINE (title_id,title_name,title_desc) VALUES('if_link','连通状态','p_link_state');
INSERT INTO RCU_TITLE_DEFINE (title_id,title_name,title_desc) VALUES('in_setting_temp','入住温度设置(℃)','p_temp');
INSERT INTO RCU_TITLE_DEFINE (title_id,title_name,title_desc) VALUES('in_wind_level','入住风速设置','p_in_wind_level');
INSERT INTO RCU_TITLE_DEFINE (title_id,title_name,title_desc) VALUES('in_welcome_level','欢迎风速设置','p_in_wind_level');
INSERT INTO RCU_TITLE_DEFINE (title_id,title_name,title_desc) VALUES('run_time','风机运行设置(分)','p_work_time');
INSERT INTO RCU_TITLE_DEFINE (title_id,title_name,title_desc) VALUES('stop_time','风机停止设置(分)','p_work_time');
INSERT INTO RCU_TITLE_DEFINE (title_id,title_name,title_desc) VALUES('set_wind_level','风机风速设置','p_wind_level');
INSERT INTO RCU_TITLE_DEFINE (title_id,title_name,title_desc) VALUES('temp_comp','温度补偿设置(℃)','p_temp_comp');
INSERT INTO RCU_TITLE_DEFINE (title_id,title_name,title_desc) VALUES('set_geotherm_operation','地热操作选择','p_geotherm_operation');
INSERT INTO RCU_TITLE_DEFINE (title_id,title_name,title_desc) VALUES('set_geotherm_state','地热状态设置','p_geotherm_state');
INSERT INTO RCU_TITLE_DEFINE (title_id,title_name,title_desc) VALUES('set_geotherm_yes_run','有卡工作时间(分)','p_work_time');
INSERT INTO RCU_TITLE_DEFINE (title_id,title_name,title_desc) VALUES('set_geotherm_yes_stop','有卡停止时间(分)','p_work_time');
INSERT INTO RCU_TITLE_DEFINE (title_id,title_name,title_desc) VALUES('set_geotherm_no_run','无卡工作时间(分)','p_work_time');
INSERT INTO RCU_TITLE_DEFINE (title_id,title_name,title_desc) VALUES('set_geotherm_no_stop','无卡停止时间(分)','p_work_time');
INSERT INTO RCU_TITLE_DEFINE (title_id,title_name,title_desc) VALUES('set_link','连通设置','p_link');
INSERT INTO RCU_TITLE_DEFINE (title_id,title_name,title_desc) VALUES('light_day_1','欢白1','p_light_state');
INSERT INTO RCU_TITLE_DEFINE (title_id,title_name,title_desc) VALUES('light_day_2','欢白2','p_light_state');
INSERT INTO RCU_TITLE_DEFINE (title_id,title_name,title_desc) VALUES('light_day_3','欢白3','p_light_state');
INSERT INTO RCU_TITLE_DEFINE (title_id,title_name,title_desc) VALUES('light_day_4','欢白4','p_light_state');
INSERT INTO RCU_TITLE_DEFINE (title_id,title_name,title_desc) VALUES('light_day_5','欢白5','p_light_state');
INSERT INTO RCU_TITLE_DEFINE (title_id,title_name,title_desc) VALUES('light_day_6','欢白6','p_light_state');
INSERT INTO RCU_TITLE_DEFINE (title_id,title_name,title_desc) VALUES('light_day_7','欢白7','p_light_state');
INSERT INTO RCU_TITLE_DEFINE (title_id,title_name,title_desc) VALUES('light_day_8','欢白8','p_light_state');
INSERT INTO RCU_TITLE_DEFINE (title_id,title_name,title_desc) VALUES('light_day_9','欢白9','p_light_state');
INSERT INTO RCU_TITLE_DEFINE (title_id,title_name,title_desc) VALUES('light_day_10','欢白10','p_light_state');
INSERT INTO RCU_TITLE_DEFINE (title_id,title_name,title_desc) VALUES('light_day_11','欢白11','p_light_state');
INSERT INTO RCU_TITLE_DEFINE (title_id,title_name,title_desc) VALUES('light_day_12','欢白12','p_light_state');
INSERT INTO RCU_TITLE_DEFINE (title_id,title_name,title_desc) VALUES('light_day_13','欢白13','p_light_state');
INSERT INTO RCU_TITLE_DEFINE (title_id,title_name,title_desc) VALUES('light_day_14','欢白14','p_light_state');
INSERT INTO RCU_TITLE_DEFINE (title_id,title_name,title_desc) VALUES('light_day_15','欢白15','p_light_state');
INSERT INTO RCU_TITLE_DEFINE (title_id,title_name,title_desc) VALUES('light_day_16','欢白16','p_light_state');
INSERT INTO RCU_TITLE_DEFINE (title_id,title_name,title_desc) VALUES('light_day_17','欢白17','p_light_state');
INSERT INTO RCU_TITLE_DEFINE (title_id,title_name,title_desc) VALUES('light_day_18','欢白18','p_light_state');
INSERT INTO RCU_TITLE_DEFINE (title_id,title_name,title_desc) VALUES('light_day_19','欢白19','p_light_state');
INSERT INTO RCU_TITLE_DEFINE (title_id,title_name,title_desc) VALUES('light_day_20','欢白20','p_light_state');
INSERT INTO RCU_TITLE_DEFINE (title_id,title_name,title_desc) VALUES('light_day_21','欢白21','p_light_state');
INSERT INTO RCU_TITLE_DEFINE (title_id,title_name,title_desc) VALUES('light_day_22','欢白22','p_light_state');
INSERT INTO RCU_TITLE_DEFINE (title_id,title_name,title_desc) VALUES('light_day_23','欢白23','p_light_state');
INSERT INTO RCU_TITLE_DEFINE (title_id,title_name,title_desc) VALUES('light_day_24','欢白24','p_light_state');
INSERT INTO RCU_TITLE_DEFINE (title_id,title_name,title_desc) VALUES('light_day_25','欢白25','p_light_state');
INSERT INTO RCU_TITLE_DEFINE (title_id,title_name,title_desc) VALUES('light_day_26','欢白26','p_light_state');
INSERT INTO RCU_TITLE_DEFINE (title_id,title_name,title_desc) VALUES('light_day_27','欢白27','p_light_state');
INSERT INTO RCU_TITLE_DEFINE (title_id,title_name,title_desc) VALUES('light_day_28','欢白28','p_light_state');
INSERT INTO RCU_TITLE_DEFINE (title_id,title_name,title_desc) VALUES('light_day_29','欢白29','p_light_state');
INSERT INTO RCU_TITLE_DEFINE (title_id,title_name,title_desc) VALUES('light_day_30','欢白30','p_light_state');
INSERT INTO RCU_TITLE_DEFINE (title_id,title_name,title_desc) VALUES('light_day_31','欢白31','p_light_state');
INSERT INTO RCU_TITLE_DEFINE (title_id,title_name,title_desc) VALUES('light_day_32','欢白32','p_light_state');
INSERT INTO RCU_TITLE_DEFINE (title_id,title_name,title_desc) VALUES('light_night_1','欢夜1','p_light_state');
INSERT INTO RCU_TITLE_DEFINE (title_id,title_name,title_desc) VALUES('light_night_2','欢夜2','p_light_state');
INSERT INTO RCU_TITLE_DEFINE (title_id,title_name,title_desc) VALUES('light_night_3','欢夜3','p_light_state');
INSERT INTO RCU_TITLE_DEFINE (title_id,title_name,title_desc) VALUES('light_night_4','欢夜4','p_light_state');
INSERT INTO RCU_TITLE_DEFINE (title_id,title_name,title_desc) VALUES('light_night_5','欢夜5','p_light_state');
INSERT INTO RCU_TITLE_DEFINE (title_id,title_name,title_desc) VALUES('light_night_6','欢夜6','p_light_state');
INSERT INTO RCU_TITLE_DEFINE (title_id,title_name,title_desc) VALUES('light_night_7','欢夜7','p_light_state');
INSERT INTO RCU_TITLE_DEFINE (title_id,title_name,title_desc) VALUES('light_night_8','欢夜8','p_light_state');
INSERT INTO RCU_TITLE_DEFINE (title_id,title_name,title_desc) VALUES('light_night_9','欢夜9','p_light_state');
INSERT INTO RCU_TITLE_DEFINE (title_id,title_name,title_desc) VALUES('light_night_10','欢夜10','p_light_state');
INSERT INTO RCU_TITLE_DEFINE (title_id,title_name,title_desc) VALUES('light_night_11','欢夜11','p_light_state');
INSERT INTO RCU_TITLE_DEFINE (title_id,title_name,title_desc) VALUES('light_night_12','欢夜12','p_light_state');
INSERT INTO RCU_TITLE_DEFINE (title_id,title_name,title_desc) VALUES('light_night_13','欢夜13','p_light_state');
INSERT INTO RCU_TITLE_DEFINE (title_id,title_name,title_desc) VALUES('light_night_14','欢夜14','p_light_state');
INSERT INTO RCU_TITLE_DEFINE (title_id,title_name,title_desc) VALUES('light_night_15','欢夜15','p_light_state');
INSERT INTO RCU_TITLE_DEFINE (title_id,title_name,title_desc) VALUES('light_night_16','欢夜16','p_light_state');
INSERT INTO RCU_TITLE_DEFINE (title_id,title_name,title_desc) VALUES('light_night_17','欢夜17','p_light_state');
INSERT INTO RCU_TITLE_DEFINE (title_id,title_name,title_desc) VALUES('light_night_18','欢夜18','p_light_state');
INSERT INTO RCU_TITLE_DEFINE (title_id,title_name,title_desc) VALUES('light_night_19','欢夜19','p_light_state');
INSERT INTO RCU_TITLE_DEFINE (title_id,title_name,title_desc) VALUES('light_night_20','欢夜20','p_light_state');
INSERT INTO RCU_TITLE_DEFINE (title_id,title_name,title_desc) VALUES('light_night_21','欢夜21','p_light_state');
INSERT INTO RCU_TITLE_DEFINE (title_id,title_name,title_desc) VALUES('light_night_22','欢夜22','p_light_state');
INSERT INTO RCU_TITLE_DEFINE (title_id,title_name,title_desc) VALUES('light_night_23','欢夜23','p_light_state');
INSERT INTO RCU_TITLE_DEFINE (title_id,title_name,title_desc) VALUES('light_night_24','欢夜24','p_light_state');
INSERT INTO RCU_TITLE_DEFINE (title_id,title_name,title_desc) VALUES('light_night_25','欢夜25','p_light_state');
INSERT INTO RCU_TITLE_DEFINE (title_id,title_name,title_desc) VALUES('light_night_26','欢夜26','p_light_state');
INSERT INTO RCU_TITLE_DEFINE (title_id,title_name,title_desc) VALUES('light_night_27','欢夜27','p_light_state');
INSERT INTO RCU_TITLE_DEFINE (title_id,title_name,title_desc) VALUES('light_night_28','欢夜28','p_light_state');
INSERT INTO RCU_TITLE_DEFINE (title_id,title_name,title_desc) VALUES('light_night_29','欢夜29','p_light_state');
INSERT INTO RCU_TITLE_DEFINE (title_id,title_name,title_desc) VALUES('light_night_30','欢夜30','p_light_state');
INSERT INTO RCU_TITLE_DEFINE (title_id,title_name,title_desc) VALUES('light_night_31','欢夜31','p_light_state');
INSERT INTO RCU_TITLE_DEFINE (title_id,title_name,title_desc) VALUES('light_night_32','欢夜32','p_light_state');
INSERT INTO RCU_TITLE_DEFINE (title_id,title_name,title_desc) VALUES('air_temp_set','空调温度设置(℃)','p_temp');
INSERT INTO RCU_TITLE_DEFINE (title_id,title_name,title_desc) VALUES('wind_level_set','风速控制','p_in_wind_level');
INSERT INTO RCU_TITLE_DEFINE (title_id,title_name,title_desc) VALUES('temp_addr_set','温控地址','p_temp_addr');
INSERT INTO RCU_TITLE_DEFINE (title_id,title_name,title_desc) VALUES('valve_state_set','阀门控制','p_valve_state');

/*set_define中[]之间的变量名与RCU_CMD_CONFIG中的unit_id字段一致*/
INSERT INTO RCU_SET_CONFIG (set_id,cmd_data,set_define) VALUES ('cmd',0x0000,'var ret = [cmd];ret = ret.toString();');
INSERT INTO RCU_SET_CONFIG (set_id,cmd_data,set_define) VALUES ('room_id',0x8008,'var ret = [floorNo]*100 + [roomNo];ret = ret.toString();');
INSERT INTO RCU_SET_CONFIG (set_id,cmd_data,set_define) VALUES ('room_temp',0x8008,'var ret = [room_temp];ret = ret.toString();');
INSERT INTO RCU_SET_CONFIG (set_id,cmd_data,set_define) VALUES ('setting_temp',0x8008,'var ret = [setting_temp];ret = ret.toString();');
INSERT INTO RCU_SET_CONFIG (set_id,cmd_data,set_define) VALUES ('card',0x8008,'var ret = [card];ret = ret.toString();');
INSERT INTO RCU_SET_CONFIG (set_id,cmd_data,set_define) VALUES ('busy',0x8008,'var ret = [busy];ret = ret.toString();');
INSERT INTO RCU_SET_CONFIG (set_id,cmd_data,set_define) VALUES ('if_link',0x8008,'var ret = [if_link];ret = ret.toString();');
INSERT INTO RCU_SET_CONFIG (set_id,cmd_data,set_define) VALUES ('wind_level',0x8008,'var ret = [wind_level];ret = ret.toString();');
INSERT INTO RCU_SET_CONFIG (set_id,cmd_data,set_define) VALUES ('valve_state',0x8008,'var ret = [valve_state];ret = ret.toString();');
INSERT INTO RCU_SET_CONFIG (set_id,cmd_data,set_define) VALUES ('room_temp1',0x8008,'var ret = [room_temp1];ret = ret.toString();');
INSERT INTO RCU_SET_CONFIG (set_id,cmd_data,set_define) VALUES ('setting_temp1',0x8008,'var ret = [setting_temp1];ret = ret.toString();');
INSERT INTO RCU_SET_CONFIG (set_id,cmd_data,set_define) VALUES ('wind_level1',0x8008,'var ret = [wind_level1];ret = ret.toString();');
INSERT INTO RCU_SET_CONFIG (set_id,cmd_data,set_define) VALUES ('valve_state1',0x8008,'var ret = [valve_state1];ret = ret.toString();');
INSERT INTO RCU_SET_CONFIG (set_id,cmd_data,set_define) VALUES ('room_temp2',0x8008,'var ret = [room_temp2];ret = ret.toString();');
INSERT INTO RCU_SET_CONFIG (set_id,cmd_data,set_define) VALUES ('setting_temp2',0x8008,'var ret = [setting_temp2];ret = ret.toString();');
INSERT INTO RCU_SET_CONFIG (set_id,cmd_data,set_define) VALUES ('wind_level2',0x8008,'var ret = [wind_level2];ret = ret.toString();');
INSERT INTO RCU_SET_CONFIG (set_id,cmd_data,set_define) VALUES ('valve_state2',0x8008,'var ret = [valve_state2];ret = ret.toString();');
INSERT INTO RCU_SET_CONFIG (set_id,cmd_data,set_define) VALUES ('geotherm_state',0x8008,'var ret = [geotherm_state];ret = ret.toString();');
INSERT INTO RCU_SET_CONFIG (set_id,cmd_data,set_define) VALUES ('geotherm_temp',0x8008,'var num = new Number([geotherm_temp]);ret = num.toString(16);ret = ret.toString();');
INSERT INTO RCU_SET_CONFIG (set_id,cmd_data,set_define) VALUES ('setting_geotherm',0x8008,'var ret = [setting_geotherm];ret = ret.toString();');
INSERT INTO RCU_SET_CONFIG (set_id,cmd_data,set_define) VALUES ('light_state_1',0x8008,'var ret = [light_state_1];ret = ret.toString();');
INSERT INTO RCU_SET_CONFIG (set_id,cmd_data,set_define) VALUES ('light_state_2',0x8008,'var ret = [light_state_2];ret = ret.toString();');
INSERT INTO RCU_SET_CONFIG (set_id,cmd_data,set_define) VALUES ('light_state_3',0x8008,'var ret = [light_state_3];ret = ret.toString();');
INSERT INTO RCU_SET_CONFIG (set_id,cmd_data,set_define) VALUES ('light_state_4',0x8008,'var ret = [light_state_4];ret = ret.toString();');
INSERT INTO RCU_SET_CONFIG (set_id,cmd_data,set_define) VALUES ('light_state_5',0x8008,'var ret = [light_state_5];ret = ret.toString();');
INSERT INTO RCU_SET_CONFIG (set_id,cmd_data,set_define) VALUES ('light_state_6',0x8008,'var ret = [light_state_6];ret = ret.toString();');
INSERT INTO RCU_SET_CONFIG (set_id,cmd_data,set_define) VALUES ('light_state_7',0x8008,'var ret = [light_state_7];ret = ret.toString();');
INSERT INTO RCU_SET_CONFIG (set_id,cmd_data,set_define) VALUES ('light_state_8',0x8008,'var ret = [light_state_8];ret = ret.toString();');
INSERT INTO RCU_SET_CONFIG (set_id,cmd_data,set_define) VALUES ('light_state_9',0x8008,'var ret = [light_state_9];ret = ret.toString();');
INSERT INTO RCU_SET_CONFIG (set_id,cmd_data,set_define) VALUES ('light_state_10',0x8008,'var ret = [light_state_10];ret = ret.toString();');
INSERT INTO RCU_SET_CONFIG (set_id,cmd_data,set_define) VALUES ('light_state_11',0x8008,'var ret = [light_state_11];ret = ret.toString();');
INSERT INTO RCU_SET_CONFIG (set_id,cmd_data,set_define) VALUES ('light_state_12',0x8008,'var ret = [light_state_12];ret = ret.toString();');
INSERT INTO RCU_SET_CONFIG (set_id,cmd_data,set_define) VALUES ('light_state_13',0x8008,'var ret = [light_state_13];ret = ret.toString();');
INSERT INTO RCU_SET_CONFIG (set_id,cmd_data,set_define) VALUES ('light_state_14',0x8008,'var ret = [light_state_14];ret = ret.toString();');
INSERT INTO RCU_SET_CONFIG (set_id,cmd_data,set_define) VALUES ('light_state_15',0x8008,'var ret = [light_state_15];ret = ret.toString();');
INSERT INTO RCU_SET_CONFIG (set_id,cmd_data,set_define) VALUES ('light_state_16',0x8008,'var ret = [light_state_16];ret = ret.toString();');
INSERT INTO RCU_SET_CONFIG (set_id,cmd_data,set_define) VALUES ('light_state_17',0x8008,'var ret = [light_state_17];ret = ret.toString();');
INSERT INTO RCU_SET_CONFIG (set_id,cmd_data,set_define) VALUES ('light_state_18',0x8008,'var ret = [light_state_18];ret = ret.toString();');
INSERT INTO RCU_SET_CONFIG (set_id,cmd_data,set_define) VALUES ('light_state_19',0x8008,'var ret = [light_state_19];ret = ret.toString();');
INSERT INTO RCU_SET_CONFIG (set_id,cmd_data,set_define) VALUES ('light_state_20',0x8008,'var ret = [light_state_20];ret = ret.toString();');
INSERT INTO RCU_SET_CONFIG (set_id,cmd_data,set_define) VALUES ('light_state_21',0x8008,'var ret = [light_state_21];ret = ret.toString();');
INSERT INTO RCU_SET_CONFIG (set_id,cmd_data,set_define) VALUES ('light_state_22',0x8008,'var ret = [light_state_22];ret = ret.toString();');
INSERT INTO RCU_SET_CONFIG (set_id,cmd_data,set_define) VALUES ('light_state_23',0x8008,'var ret = [light_state_23];ret = ret.toString();');
INSERT INTO RCU_SET_CONFIG (set_id,cmd_data,set_define) VALUES ('light_state_24',0x8008,'var ret = [light_state_24];ret = ret.toString();');
INSERT INTO RCU_SET_CONFIG (set_id,cmd_data,set_define) VALUES ('light_state_25',0x8008,'var ret = [light_state_25];ret = ret.toString();');
INSERT INTO RCU_SET_CONFIG (set_id,cmd_data,set_define) VALUES ('light_state_26',0x8008,'var ret = [light_state_26];ret = ret.toString();');
INSERT INTO RCU_SET_CONFIG (set_id,cmd_data,set_define) VALUES ('light_state_27',0x8008,'var ret = [light_state_27];ret = ret.toString();');
INSERT INTO RCU_SET_CONFIG (set_id,cmd_data,set_define) VALUES ('light_state_28',0x8008,'var ret = [light_state_28];ret = ret.toString();');
INSERT INTO RCU_SET_CONFIG (set_id,cmd_data,set_define) VALUES ('light_state_29',0x8008,'var ret = [light_state_29];ret = ret.toString();');
INSERT INTO RCU_SET_CONFIG (set_id,cmd_data,set_define) VALUES ('light_state_30',0x8008,'var ret = [light_state_30];ret = ret.toString();');
INSERT INTO RCU_SET_CONFIG (set_id,cmd_data,set_define) VALUES ('light_state_31',0x8008,'var ret = [light_state_31];ret = ret.toString();');
INSERT INTO RCU_SET_CONFIG (set_id,cmd_data,set_define) VALUES ('light_state_32',0x8008,'var ret = [light_state_32];ret = ret.toString();');
INSERT INTO RCU_SET_CONFIG (set_id,cmd_data,set_define) VALUES ('room_id',0xA11A,'var ret = [floorNo]*100 + [roomNo];ret = ret.toString();');
INSERT INTO RCU_SET_CONFIG (set_id,cmd_data,set_define) VALUES ('card_delay',0xA11A,'var ret = [card_delay];ret = ret.toString();');
INSERT INTO RCU_SET_CONFIG (set_id,cmd_data,set_define) VALUES ('room_id',0xA22A,'var ret = [floorNo]*100 + [roomNo];ret = ret.toString();');
INSERT INTO RCU_SET_CONFIG (set_id,cmd_data,set_define) VALUES ('door_clock',0xA22A,'var ret = [door_clock];ret = ret.toString();');
INSERT INTO RCU_SET_CONFIG (set_id,cmd_data,set_define) VALUES ('room_id',0xA44A,'var ret = [floorNo]*100 + [roomNo];ret = ret.toString();');
INSERT INTO RCU_SET_CONFIG (set_id,cmd_data,set_define) VALUES ('light_state_8',0xA44A,'var ret = [light_state_8];ret = ret.toString();');
INSERT INTO RCU_SET_CONFIG (set_id,cmd_data,set_define) VALUES ('light_state_7',0xA44A,'var ret = [light_state_7];ret = ret.toString();');
INSERT INTO RCU_SET_CONFIG (set_id,cmd_data,set_define) VALUES ('light_state_6',0xA44A,'var ret = [light_state_6];ret = ret.toString();');
INSERT INTO RCU_SET_CONFIG (set_id,cmd_data,set_define) VALUES ('light_state_5',0xA44A,'var ret = [light_state_5];ret = ret.toString();');
INSERT INTO RCU_SET_CONFIG (set_id,cmd_data,set_define) VALUES ('light_state_4',0xA44A,'var ret = [light_state_4];ret = ret.toString();');
INSERT INTO RCU_SET_CONFIG (set_id,cmd_data,set_define) VALUES ('light_state_3',0xA44A,'var ret = [light_state_3];ret = ret.toString();');
INSERT INTO RCU_SET_CONFIG (set_id,cmd_data,set_define) VALUES ('light_state_2',0xA44A,'var ret = [light_state_2];ret = ret.toString();');
INSERT INTO RCU_SET_CONFIG (set_id,cmd_data,set_define) VALUES ('light_state_1',0xA44A,'var ret = [light_state_1];ret = ret.toString();');
INSERT INTO RCU_SET_CONFIG (set_id,cmd_data,set_define) VALUES ('light_state_16',0xA44A,'var ret = [light_state_16];ret = ret.toString();');
INSERT INTO RCU_SET_CONFIG (set_id,cmd_data,set_define) VALUES ('light_state_15',0xA44A,'var ret = [light_state_15];ret = ret.toString();');
INSERT INTO RCU_SET_CONFIG (set_id,cmd_data,set_define) VALUES ('light_state_14',0xA44A,'var ret = [light_state_14];ret = ret.toString();');
INSERT INTO RCU_SET_CONFIG (set_id,cmd_data,set_define) VALUES ('light_state_13',0xA44A,'var ret = [light_state_13];ret = ret.toString();');
INSERT INTO RCU_SET_CONFIG (set_id,cmd_data,set_define) VALUES ('light_state_12',0xA44A,'var ret = [light_state_12];ret = ret.toString();');
INSERT INTO RCU_SET_CONFIG (set_id,cmd_data,set_define) VALUES ('light_state_11',0xA44A,'var ret = [light_state_11];ret = ret.toString();');
INSERT INTO RCU_SET_CONFIG (set_id,cmd_data,set_define) VALUES ('light_state_10',0xA44A,'var ret = [light_state_10];ret = ret.toString();');
INSERT INTO RCU_SET_CONFIG (set_id,cmd_data,set_define) VALUES ('light_state_9',0xA44A,'var ret = [light_state_9];ret = ret.toString();');
INSERT INTO RCU_SET_CONFIG (set_id,cmd_data,set_define) VALUES ('light_state_24',0xA44A,'var ret = [light_state_24];ret = ret.toString();');
INSERT INTO RCU_SET_CONFIG (set_id,cmd_data,set_define) VALUES ('light_state_23',0xA44A,'var ret = [light_state_23];ret = ret.toString();');
INSERT INTO RCU_SET_CONFIG (set_id,cmd_data,set_define) VALUES ('light_state_22',0xA44A,'var ret = [light_state_22];ret = ret.toString();');
INSERT INTO RCU_SET_CONFIG (set_id,cmd_data,set_define) VALUES ('light_state_21',0xA44A,'var ret = [light_state_21];ret = ret.toString();');
INSERT INTO RCU_SET_CONFIG (set_id,cmd_data,set_define) VALUES ('light_state_20',0xA44A,'var ret = [light_state_20];ret = ret.toString();');
INSERT INTO RCU_SET_CONFIG (set_id,cmd_data,set_define) VALUES ('light_state_19',0xA44A,'var ret = [light_state_19];ret = ret.toString();');
INSERT INTO RCU_SET_CONFIG (set_id,cmd_data,set_define) VALUES ('light_state_18',0xA44A,'var ret = [light_state_18];ret = ret.toString();');
INSERT INTO RCU_SET_CONFIG (set_id,cmd_data,set_define) VALUES ('light_state_17',0xA44A,'var ret = [light_state_17];ret = ret.toString();');
INSERT INTO RCU_SET_CONFIG (set_id,cmd_data,set_define) VALUES ('light_state_32',0xA44A,'var ret = [light_state_32];ret = ret.toString();');
INSERT INTO RCU_SET_CONFIG (set_id,cmd_data,set_define) VALUES ('light_state_31',0xA44A,'var ret = [light_state_31];ret = ret.toString();');
INSERT INTO RCU_SET_CONFIG (set_id,cmd_data,set_define) VALUES ('light_state_30',0xA44A,'var ret = [light_state_30];ret = ret.toString();');
INSERT INTO RCU_SET_CONFIG (set_id,cmd_data,set_define) VALUES ('light_state_29',0xA44A,'var ret = [light_state_29];ret = ret.toString();');
INSERT INTO RCU_SET_CONFIG (set_id,cmd_data,set_define) VALUES ('light_state_28',0xA44A,'var ret = [light_state_28];ret = ret.toString();');
INSERT INTO RCU_SET_CONFIG (set_id,cmd_data,set_define) VALUES ('light_state_27',0xA44A,'var ret = [light_state_27];ret = ret.toString();');
INSERT INTO RCU_SET_CONFIG (set_id,cmd_data,set_define) VALUES ('light_state_26',0xA44A,'var ret = [light_state_26];ret = ret.toString();');
INSERT INTO RCU_SET_CONFIG (set_id,cmd_data,set_define) VALUES ('light_state_25',0xA44A,'var ret = [light_state_25];ret = ret.toString();');
INSERT INTO RCU_SET_CONFIG (set_id,cmd_data,set_define) VALUES ('room_id',0xA55A,'var ret = [floorNo]*100 + [roomNo];ret = ret.toString();');
INSERT INTO RCU_SET_CONFIG (set_id,cmd_data,set_define) VALUES ('air_temp_set',0xA55A,'var ret = [air_temp_set];ret = ret.toString();');
INSERT INTO RCU_SET_CONFIG (set_id,cmd_data,set_define) VALUES ('wind_level_set',0xA55A,'var ret = [wind_level_set];ret = ret.toString();');
INSERT INTO RCU_SET_CONFIG (set_id,cmd_data,set_define) VALUES ('temp_addr_set',0xA55A,'var ret = [temp_addr_set];ret = ret.toString();');
INSERT INTO RCU_SET_CONFIG (set_id,cmd_data,set_define) VALUES ('room_id',0xA66A,'var ret = [floorNo]*100 + [roomNo];ret = ret.toString();');
INSERT INTO RCU_SET_CONFIG (set_id,cmd_data,set_define) VALUES  ('temp_ctrl_up',0xA66A,'var ret = [temp_ctrl_up];ret = ret.toString();');
INSERT INTO RCU_SET_CONFIG (set_id,cmd_data,set_define) VALUES  ('temp_ctrl_dn',0xA66A,'var ret = [temp_ctrl_dn];ret = ret.toString();');
INSERT INTO RCU_SET_CONFIG (set_id,cmd_data,set_define) VALUES ('temp_hold_up',0xA66A,'var ret = [temp_hold_up];ret = ret.toString();');
INSERT INTO RCU_SET_CONFIG (set_id,cmd_data,set_define) VALUES ('temp_hold_dn',0xA66A,'var ret = [temp_hold_dn];ret = ret.toString();');
INSERT INTO RCU_SET_CONFIG (set_id,cmd_data,set_define) VALUES ('temp_addr_set',0xA66A,'var ret = [temp_addr_set];ret = ret.toString();');
INSERT INTO RCU_SET_CONFIG (set_id,cmd_data,set_define) VALUES ('room_id',0xA77A,'var ret = [floorNo]*100 + [roomNo];ret = ret.toString();');
INSERT INTO RCU_SET_CONFIG (set_id,cmd_data,set_define) VALUES('ctrl_mode',0xA77A,'var ret = [ctrl_mode];ret = ret.toString();');
INSERT INTO RCU_SET_CONFIG (set_id,cmd_data,set_define) VALUES ('season_mode',0xA77A,'var ret = [season_mode];ret = ret.toString();');
INSERT INTO RCU_SET_CONFIG (set_id,cmd_data,set_define) VALUES ('room_id',0xA88A,'var ret = [floorNo]*100 + [roomNo];ret = ret.toString();');
INSERT INTO RCU_SET_CONFIG (set_id,cmd_data,set_define) VALUES ('in_setting_temp',0xA88A,'var ret = [in_setting_temp];ret = ret.toString();');/*入住设置的温度设置*/
INSERT INTO RCU_SET_CONFIG (set_id,cmd_data,set_define) VALUES('in_wind_level',0xA88A,'var ret = [in_wind_level];ret = ret.toString();');/*入住设置的风机设置*/
INSERT INTO RCU_SET_CONFIG (set_id,cmd_data,set_define) VALUES('in_welcome_level',0xA88A,'var ret = [in_welcome_level];ret = ret.toString();');/*入住设置的欢迎风速*/
INSERT INTO RCU_SET_CONFIG (set_id,cmd_data,set_define) VALUES ('room_id',0xA99A,'var ret = [floorNo]*100 + [roomNo];ret = ret.toString();');
INSERT INTO RCU_SET_CONFIG (set_id,cmd_data,set_define) VALUES ('light_day_8',0xA99A,'var ret = [light_day_8];ret = ret.toString();');
INSERT INTO RCU_SET_CONFIG (set_id,cmd_data,set_define) VALUES ('light_day_7',0xA99A,'var ret = [light_day_7];ret = ret.toString();');
INSERT INTO RCU_SET_CONFIG (set_id,cmd_data,set_define) VALUES ('light_day_6',0xA99A,'var ret = [light_day_6];ret = ret.toString();');
INSERT INTO RCU_SET_CONFIG (set_id,cmd_data,set_define) VALUES ('light_day_5',0xA99A,'var ret = [light_day_5];ret = ret.toString();');
INSERT INTO RCU_SET_CONFIG (set_id,cmd_data,set_define) VALUES ('light_day_4',0xA99A,'var ret = [light_day_4];ret = ret.toString();');
INSERT INTO RCU_SET_CONFIG (set_id,cmd_data,set_define) VALUES ('light_day_3',0xA99A,'var ret = [light_day_3];ret = ret.toString();');
INSERT INTO RCU_SET_CONFIG (set_id,cmd_data,set_define) VALUES ('light_day_2',0xA99A,'var ret = [light_day_2];ret = ret.toString();');
INSERT INTO RCU_SET_CONFIG (set_id,cmd_data,set_define) VALUES ('light_day_1',0xA99A,'var ret = [light_day_1];ret = ret.toString();');
INSERT INTO RCU_SET_CONFIG (set_id,cmd_data,set_define) VALUES ('light_day_16',0xA99A,'var ret = [light_day_16];ret = ret.toString();');
INSERT INTO RCU_SET_CONFIG (set_id,cmd_data,set_define) VALUES ('light_day_15',0xA99A,'var ret = [light_day_15];ret = ret.toString();');
INSERT INTO RCU_SET_CONFIG (set_id,cmd_data,set_define) VALUES ('light_day_14',0xA99A,'var ret = [light_day_14];ret = ret.toString();');
INSERT INTO RCU_SET_CONFIG (set_id,cmd_data,set_define) VALUES ('light_day_13',0xA99A,'var ret = [light_day_13];ret = ret.toString();');
INSERT INTO RCU_SET_CONFIG (set_id,cmd_data,set_define) VALUES ('light_day_12',0xA99A,'var ret = [light_day_12];ret = ret.toString();');
INSERT INTO RCU_SET_CONFIG (set_id,cmd_data,set_define) VALUES ('light_day_11',0xA99A,'var ret = [light_day_11];ret = ret.toString();');
INSERT INTO RCU_SET_CONFIG (set_id,cmd_data,set_define) VALUES ('light_day_10',0xA99A,'var ret = [light_day_10];ret = ret.toString();');
INSERT INTO RCU_SET_CONFIG (set_id,cmd_data,set_define) VALUES ('light_day_9',0xA99A,'var ret = [light_day_9];ret = ret.toString();');
INSERT INTO RCU_SET_CONFIG (set_id,cmd_data,set_define) VALUES ('light_day_24',0xA99A,'var ret = [light_day_24];ret = ret.toString();');
INSERT INTO RCU_SET_CONFIG (set_id,cmd_data,set_define) VALUES ('light_day_23',0xA99A,'var ret = [light_day_23];ret = ret.toString();');
INSERT INTO RCU_SET_CONFIG (set_id,cmd_data,set_define) VALUES ('light_day_22',0xA99A,'var ret = [light_day_22];ret = ret.toString();');
INSERT INTO RCU_SET_CONFIG (set_id,cmd_data,set_define) VALUES ('light_day_21',0xA99A,'var ret = [light_day_21];ret = ret.toString();');
INSERT INTO RCU_SET_CONFIG (set_id,cmd_data,set_define) VALUES ('light_day_20',0xA99A,'var ret = [light_day_20];ret = ret.toString();');
INSERT INTO RCU_SET_CONFIG (set_id,cmd_data,set_define) VALUES ('light_day_19',0xA99A,'var ret = [light_day_19];ret = ret.toString();');
INSERT INTO RCU_SET_CONFIG (set_id,cmd_data,set_define) VALUES ('light_day_18',0xA99A,'var ret = [light_day_18];ret = ret.toString();');
INSERT INTO RCU_SET_CONFIG (set_id,cmd_data,set_define) VALUES ('light_day_17',0xA99A,'var ret = [light_day_17];ret = ret.toString();');
INSERT INTO RCU_SET_CONFIG (set_id,cmd_data,set_define) VALUES ('light_day_32',0xA99A,'var ret = [light_day_32];ret = ret.toString();');
INSERT INTO RCU_SET_CONFIG (set_id,cmd_data,set_define) VALUES ('light_day_31',0xA99A,'var ret = [light_day_31];ret = ret.toString();');
INSERT INTO RCU_SET_CONFIG (set_id,cmd_data,set_define) VALUES ('light_day_30',0xA99A,'var ret = [light_day_30];ret = ret.toString();');
INSERT INTO RCU_SET_CONFIG (set_id,cmd_data,set_define) VALUES ('light_day_29',0xA99A,'var ret = [light_day_29];ret = ret.toString();');
INSERT INTO RCU_SET_CONFIG (set_id,cmd_data,set_define) VALUES ('light_day_28',0xA99A,'var ret = [light_day_28];ret = ret.toString();');
INSERT INTO RCU_SET_CONFIG (set_id,cmd_data,set_define) VALUES ('light_day_27',0xA99A,'var ret = [light_day_27];ret = ret.toString();');
INSERT INTO RCU_SET_CONFIG (set_id,cmd_data,set_define) VALUES ('light_day_26',0xA99A,'var ret = [light_day_26];ret = ret.toString();');
INSERT INTO RCU_SET_CONFIG (set_id,cmd_data,set_define) VALUES ('light_day_25',0xA99A,'var ret = [light_day_25];ret = ret.toString();');
INSERT INTO RCU_SET_CONFIG (set_id,cmd_data,set_define) VALUES ('room_id',0xA00A,'var ret = [floorNo]*100 + [roomNo];ret = ret.toString();');
INSERT INTO RCU_SET_CONFIG (set_id,cmd_data,set_define) VALUES ('light_night_8',0xA00A,'var ret = [light_night_8];ret = ret.toString();');
INSERT INTO RCU_SET_CONFIG (set_id,cmd_data,set_define) VALUES ('light_night_7',0xA00A,'var ret = [light_night_7];ret = ret.toString();');
INSERT INTO RCU_SET_CONFIG (set_id,cmd_data,set_define) VALUES ('light_night_6',0xA00A,'var ret = [light_night_6];ret = ret.toString();');
INSERT INTO RCU_SET_CONFIG (set_id,cmd_data,set_define) VALUES ('light_night_5',0xA00A,'var ret = [light_night_5];ret = ret.toString();');
INSERT INTO RCU_SET_CONFIG (set_id,cmd_data,set_define) VALUES ('light_night_4',0xA00A,'var ret = [light_night_4];ret = ret.toString();');
INSERT INTO RCU_SET_CONFIG (set_id,cmd_data,set_define) VALUES ('light_night_3',0xA00A,'var ret = [light_night_3];ret = ret.toString();');
INSERT INTO RCU_SET_CONFIG (set_id,cmd_data,set_define) VALUES ('light_night_2',0xA00A,'var ret = [light_night_2];ret = ret.toString();');
INSERT INTO RCU_SET_CONFIG (set_id,cmd_data,set_define) VALUES ('light_night_1',0xA00A,'var ret = [light_night_1];ret = ret.toString();');
INSERT INTO RCU_SET_CONFIG (set_id,cmd_data,set_define) VALUES ('light_night_16',0xA00A,'var ret = [light_night_16];ret = ret.toString();');
INSERT INTO RCU_SET_CONFIG (set_id,cmd_data,set_define) VALUES ('light_night_15',0xA00A,'var ret = [light_night_15];ret = ret.toString();');
INSERT INTO RCU_SET_CONFIG (set_id,cmd_data,set_define) VALUES ('light_night_14',0xA00A,'var ret = [light_night_14];ret = ret.toString();');
INSERT INTO RCU_SET_CONFIG (set_id,cmd_data,set_define) VALUES ('light_night_13',0xA00A,'var ret = [light_night_13];ret = ret.toString();');
INSERT INTO RCU_SET_CONFIG (set_id,cmd_data,set_define) VALUES ('light_night_12',0xA00A,'var ret = [light_night_12];ret = ret.toString();');
INSERT INTO RCU_SET_CONFIG (set_id,cmd_data,set_define) VALUES ('light_night_11',0xA00A,'var ret = [light_night_11];ret = ret.toString();');
INSERT INTO RCU_SET_CONFIG (set_id,cmd_data,set_define) VALUES ('light_night_10',0xA00A,'var ret = [light_night_10];ret = ret.toString();');
INSERT INTO RCU_SET_CONFIG (set_id,cmd_data,set_define) VALUES ('light_night_9',0xA00A,'var ret = [light_night_9];ret = ret.toString();');
INSERT INTO RCU_SET_CONFIG (set_id,cmd_data,set_define) VALUES ('light_night_24',0xA00A,'var ret = [light_night_24];ret = ret.toString();');
INSERT INTO RCU_SET_CONFIG (set_id,cmd_data,set_define) VALUES ('light_night_23',0xA00A,'var ret = [light_night_23];ret = ret.toString();');
INSERT INTO RCU_SET_CONFIG (set_id,cmd_data,set_define) VALUES ('light_night_22',0xA00A,'var ret = [light_night_22];ret = ret.toString();');
INSERT INTO RCU_SET_CONFIG (set_id,cmd_data,set_define) VALUES ('light_night_21',0xA00A,'var ret = [light_night_21];ret = ret.toString();');
INSERT INTO RCU_SET_CONFIG (set_id,cmd_data,set_define) VALUES ('light_night_20',0xA00A,'var ret = [light_night_20];ret = ret.toString();');
INSERT INTO RCU_SET_CONFIG (set_id,cmd_data,set_define) VALUES ('light_night_19',0xA00A,'var ret = [light_night_19];ret = ret.toString();');
INSERT INTO RCU_SET_CONFIG (set_id,cmd_data,set_define) VALUES ('light_night_18',0xA00A,'var ret = [light_night_18];ret = ret.toString();');
INSERT INTO RCU_SET_CONFIG (set_id,cmd_data,set_define) VALUES ('light_night_17',0xA00A,'var ret = [light_night_17];ret = ret.toString();');
INSERT INTO RCU_SET_CONFIG (set_id,cmd_data,set_define) VALUES ('light_night_32',0xA00A,'var ret = [light_night_32];ret = ret.toString();');
INSERT INTO RCU_SET_CONFIG (set_id,cmd_data,set_define) VALUES ('light_night_31',0xA00A,'var ret = [light_night_31];ret = ret.toString();');
INSERT INTO RCU_SET_CONFIG (set_id,cmd_data,set_define) VALUES ('light_night_30',0xA00A,'var ret = [light_night_30];ret = ret.toString();');
INSERT INTO RCU_SET_CONFIG (set_id,cmd_data,set_define) VALUES ('light_night_29',0xA00A,'var ret = [light_night_29];ret = ret.toString();');
INSERT INTO RCU_SET_CONFIG (set_id,cmd_data,set_define) VALUES ('light_night_28',0xA00A,'var ret = [light_night_28];ret = ret.toString();');
INSERT INTO RCU_SET_CONFIG (set_id,cmd_data,set_define) VALUES ('light_night_27',0xA00A,'var ret = [light_night_27];ret = ret.toString();');
INSERT INTO RCU_SET_CONFIG (set_id,cmd_data,set_define) VALUES ('light_night_26',0xA00A,'var ret = [light_night_26];ret = ret.toString();');
INSERT INTO RCU_SET_CONFIG (set_id,cmd_data,set_define) VALUES ('light_night_25',0xA00A,'var ret = [light_night_25];ret = ret.toString();');
INSERT INTO RCU_SET_CONFIG (set_id,cmd_data,set_define) VALUES ('room_id',0xABBA,'var ret = [floorNo]*100 + [roomNo];ret = ret.toString();');
INSERT INTO RCU_SET_CONFIG (set_id,cmd_data,set_define) VALUES ('run_time',0xABBA,'var ret = [run_time];ret = ret.toString();');
INSERT INTO RCU_SET_CONFIG (set_id,cmd_data,set_define) VALUES ('stop_time',0xABBA,'var ret = [stop_time];ret = ret.toString();');
INSERT INTO RCU_SET_CONFIG (set_id,cmd_data,set_define) VALUES ('set_wind_level',0xABBA,'var ret = [set_wind_level];ret = ret.toString();');
INSERT INTO RCU_SET_CONFIG (set_id,cmd_data,set_define) VALUES ('temp_addr_set',0xABBA,'var ret = [temp_addr_set];ret = ret.toString();');
INSERT INTO RCU_SET_CONFIG (set_id,cmd_data,set_define) VALUES ('room_id',0xACCA,'var ret = [floorNo]*100 + [roomNo];ret = ret.toString();');
INSERT INTO RCU_SET_CONFIG (set_id,cmd_data,set_define) VALUES ('temp_comp',0xACCA,'var ret = [temp_comp];ret = ret.toString();');
INSERT INTO RCU_SET_CONFIG (set_id,cmd_data,set_define) VALUES ('temp_addr_set',0xACCA,'var ret = [temp_addr_set];ret = ret.toString();');
INSERT INTO RCU_SET_CONFIG (set_id,cmd_data,set_define) VALUES ('room_id',0xB11B,'var ret = [floorNo]*100 + [roomNo];ret = ret.toString();');
INSERT INTO RCU_SET_CONFIG (set_id,cmd_data,set_define) VALUES ('set_geotherm_state',0xB11B,'var ret = [geotherm_flag_state];ret = ret.toString();');
INSERT INTO RCU_SET_CONFIG (set_id,cmd_data,set_define) VALUES ('set_geotherm_yes_run',0xB11B,'var ret = [geotherm_yes_run];ret = ret.toString();');
INSERT INTO RCU_SET_CONFIG (set_id,cmd_data,set_define) VALUES ('set_geotherm_yes_stop',0xB11B,'var ret = [geotherm_yes_stop];ret = ret.toString();');
INSERT INTO RCU_SET_CONFIG (set_id,cmd_data,set_define) VALUES ('set_geotherm_no_run',0xB11B,'var ret = [geotherm_no_run];ret = ret.toString();');
INSERT INTO RCU_SET_CONFIG (set_id,cmd_data,set_define) VALUES ('set_geotherm_no_stop',0xB11B,'var ret = [geotherm_no_stop];ret = ret.toString();');
INSERT INTO RCU_SET_CONFIG (set_id,cmd_data,set_define) VALUES ('room_id',0xB00B,'var ret = [floorNo]*100 + [roomNo];ret = ret.toString();');
INSERT INTO RCU_SET_CONFIG (set_id,cmd_data,set_define) VALUES ('set_link',0xB00B,'var ret = [set_link];ret = ret.toString();');
INSERT INTO RCU_SET_CONFIG (set_id,cmd_data,set_define) VALUES ('room_id',0xFFFF,'var ret = [floorNo]*100 + [roomNo];ret = ret.toString();');
INSERT INTO RCU_SET_CONFIG (set_id,cmd_data,set_define) VALUES  ('break_count',0xFFFF,'var ret = 0;if([offline_value1] == 0xFF && [offline_value2] == 0xFF && [offline_value3] == 0xFF && [offline_value4] == 0xFF && [offline_value5] == 0xFF){ret = 3;}ret = ret.toString();');

DELETE FROM RCU_DATA_DIRECTION;
INSERT INTO RCU_DATA_DIRECTION (log_type,type_mean) VALUES(0,'接收');
INSERT INTO RCU_DATA_DIRECTION (log_type,type_mean) VALUES(1,'发送');

INSERT INTO RCU_CMD_LEN (cmd_name,cmd_direct,cmd_len) VALUES('cmd_poll',0,24);
INSERT INTO RCU_CMD_LEN (cmd_name,cmd_direct,cmd_len) VALUES('cmd_card_delay',0,13);
INSERT INTO RCU_CMD_LEN (cmd_name,cmd_direct,cmd_len) VALUES('cmd_door_clock',0,13);
INSERT INTO RCU_CMD_LEN (cmd_name,cmd_direct,cmd_len) VALUES('cmd_light_ctrl',0,13);
INSERT INTO RCU_CMD_LEN (cmd_name,cmd_direct,cmd_len) VALUES('cmd_air_ctrl',0,13);
INSERT INTO RCU_CMD_LEN (cmd_name,cmd_direct,cmd_len) VALUES('cmd_temp_ctrl',0,13);
INSERT INTO RCU_CMD_LEN (cmd_name,cmd_direct,cmd_len) VALUES('cmd_mode_set',0,13);
INSERT INTO RCU_CMD_LEN (cmd_name,cmd_direct,cmd_len) VALUES('cmd_in_set',0,13);
INSERT INTO RCU_CMD_LEN (cmd_name,cmd_direct,cmd_len) VALUES('cmd_day_set',0,13);
INSERT INTO RCU_CMD_LEN (cmd_name,cmd_direct,cmd_len) VALUES('cmd_night_set',0,13);
INSERT INTO RCU_CMD_LEN (cmd_name,cmd_direct,cmd_len) VALUES('cmd_wind_set',0,13);
INSERT INTO RCU_CMD_LEN (cmd_name,cmd_direct,cmd_len) VALUES('cmd_temp_comp',0,13);
INSERT INTO RCU_CMD_LEN (cmd_name,cmd_direct,cmd_len) VALUES('cmd_geotherm_set',0,13);
INSERT INTO RCU_CMD_LEN (cmd_name,cmd_direct,cmd_len) VALUES('cmd_link_set',0,13);
INSERT INTO RCU_CMD_LEN (cmd_name,cmd_direct,cmd_len) VALUES('cmd_offline_set',0,13);
INSERT INTO RCU_CMD_LEN (cmd_name,cmd_direct,cmd_len) VALUES('cmd_poll',1,9);
INSERT INTO RCU_CMD_LEN (cmd_name,cmd_direct,cmd_len) VALUES('cmd_night_set',1,13);
INSERT INTO RCU_CMD_LEN (cmd_name,cmd_direct,cmd_len) VALUES('cmd_card_delay',1,13);
INSERT INTO RCU_CMD_LEN (cmd_name,cmd_direct,cmd_len) VALUES('cmd_door_clock',1,13);
INSERT INTO RCU_CMD_LEN (cmd_name,cmd_direct,cmd_len) VALUES('cmd_light_ctrl',1,13);
INSERT INTO RCU_CMD_LEN (cmd_name,cmd_direct,cmd_len) VALUES('cmd_air_ctrl',1,13);
INSERT INTO RCU_CMD_LEN (cmd_name,cmd_direct,cmd_len) VALUES('cmd_temp_ctrl',1,13);
INSERT INTO RCU_CMD_LEN (cmd_name,cmd_direct,cmd_len) VALUES('cmd_mode_set',1,13);
INSERT INTO RCU_CMD_LEN (cmd_name,cmd_direct,cmd_len) VALUES('cmd_in_set',1,13);
INSERT INTO RCU_CMD_LEN (cmd_name,cmd_direct,cmd_len) VALUES('cmd_day_set',1,13);
INSERT INTO RCU_CMD_LEN (cmd_name,cmd_direct,cmd_len) VALUES('cmd_wind_set',1,13);
INSERT INTO RCU_CMD_LEN (cmd_name,cmd_direct,cmd_len) VALUES('cmd_temp_comp',1,13);
INSERT INTO RCU_CMD_LEN (cmd_name,cmd_direct,cmd_len) VALUES('cmd_geotherm_set',1,13);
INSERT INTO RCU_CMD_LEN (cmd_name,cmd_direct,cmd_len) VALUES('cmd_link_set',1,13);
INSERT INTO RCU_CMD_LEN (cmd_name,cmd_direct,cmd_len) VALUES('cmd_offline_set',1,13);

/*接收时的配置*/
INSERT INTO RCU_CMD_CONFIG (unit_id,cmd_data,begin_byte_pos,byte_len,begin_bit_pos,bit_len,data_form) VALUES ('cmd',0x0000,4,2,0,16,0);
INSERT INTO RCU_CMD_CONFIG (unit_id,cmd_data,begin_byte_pos,byte_len,begin_bit_pos,bit_len,data_form) VALUES ('floorNo',0x8008,2,1,0,8,1);
INSERT INTO RCU_CMD_CONFIG (unit_id,cmd_data,begin_byte_pos,byte_len,begin_bit_pos,bit_len,data_form) VALUES ('roomNo',0x8008,3,1,0,8,1);
INSERT INTO RCU_CMD_CONFIG (unit_id,cmd_data,begin_byte_pos,byte_len,begin_bit_pos,bit_len,data_form) VALUES ('cmd1',0x8008,4,1,0,8,0);
INSERT INTO RCU_CMD_CONFIG (unit_id,cmd_data,begin_byte_pos,byte_len,begin_bit_pos,bit_len,data_form) VALUES ('cmd2',0x8008,5,1,0,8,0);
INSERT INTO RCU_CMD_CONFIG (unit_id,cmd_data,begin_byte_pos,byte_len,begin_bit_pos,bit_len,data_form) VALUES ('card',0x8008,6,1,7,1,0);
INSERT INTO RCU_CMD_CONFIG (unit_id,cmd_data,begin_byte_pos,byte_len,begin_bit_pos,bit_len,data_form) VALUES ('busy',0x8008,6,1,6,1,0);
INSERT INTO RCU_CMD_CONFIG (unit_id,cmd_data,begin_byte_pos,byte_len,begin_bit_pos,bit_len,data_form) VALUES ('if_link',0x8008,6,1,0,1,0);
INSERT INTO RCU_CMD_CONFIG (unit_id,cmd_data,begin_byte_pos,byte_len,begin_bit_pos,bit_len,data_form) VALUES ('setting_temp',0x8008,7,1,0,8,1);
INSERT INTO RCU_CMD_CONFIG (unit_id,cmd_data,begin_byte_pos,byte_len,begin_bit_pos,bit_len,data_form) VALUES ('room_temp',0x8008,8,1,0,8,1);
INSERT INTO RCU_CMD_CONFIG (unit_id,cmd_data,begin_byte_pos,byte_len,begin_bit_pos,bit_len,data_form) VALUES ('wind_level',0x8008,9,1,5,3,0);
INSERT INTO RCU_CMD_CONFIG (unit_id,cmd_data,begin_byte_pos,byte_len,begin_bit_pos,bit_len,data_form) VALUES ('valve_state',0x8008,9,1,3,2,0);
INSERT INTO RCU_CMD_CONFIG (unit_id,cmd_data,begin_byte_pos,byte_len,begin_bit_pos,bit_len,data_form) VALUES ('light_state_8',0x8008,10,1,7,1,0);
INSERT INTO RCU_CMD_CONFIG (unit_id,cmd_data,begin_byte_pos,byte_len,begin_bit_pos,bit_len,data_form) VALUES ('light_state_7',0x8008,10,1,6,1,0);
INSERT INTO RCU_CMD_CONFIG (unit_id,cmd_data,begin_byte_pos,byte_len,begin_bit_pos,bit_len,data_form) VALUES ('light_state_6',0x8008,10,1,5,1,0);
INSERT INTO RCU_CMD_CONFIG (unit_id,cmd_data,begin_byte_pos,byte_len,begin_bit_pos,bit_len,data_form) VALUES ('light_state_5',0x8008,10,1,4,1,0);
INSERT INTO RCU_CMD_CONFIG (unit_id,cmd_data,begin_byte_pos,byte_len,begin_bit_pos,bit_len,data_form) VALUES ('light_state_4',0x8008,10,1,3,1,0);
INSERT INTO RCU_CMD_CONFIG (unit_id,cmd_data,begin_byte_pos,byte_len,begin_bit_pos,bit_len,data_form) VALUES ('light_state_3',0x8008,10,1,2,1,0);
INSERT INTO RCU_CMD_CONFIG (unit_id,cmd_data,begin_byte_pos,byte_len,begin_bit_pos,bit_len,data_form) VALUES ('light_state_2',0x8008,10,1,1,1,0);
INSERT INTO RCU_CMD_CONFIG (unit_id,cmd_data,begin_byte_pos,byte_len,begin_bit_pos,bit_len,data_form) VALUES ('light_state_1',0x8008,10,1,0,1,0);
INSERT INTO RCU_CMD_CONFIG (unit_id,cmd_data,begin_byte_pos,byte_len,begin_bit_pos,bit_len,data_form) VALUES ('light_state_16',0x8008,11,1,7,1,0);
INSERT INTO RCU_CMD_CONFIG (unit_id,cmd_data,begin_byte_pos,byte_len,begin_bit_pos,bit_len,data_form) VALUES ('light_state_15',0x8008,11,1,6,1,0);
INSERT INTO RCU_CMD_CONFIG (unit_id,cmd_data,begin_byte_pos,byte_len,begin_bit_pos,bit_len,data_form) VALUES ('light_state_14',0x8008,11,1,5,1,0);
INSERT INTO RCU_CMD_CONFIG (unit_id,cmd_data,begin_byte_pos,byte_len,begin_bit_pos,bit_len,data_form) VALUES ('light_state_13',0x8008,11,1,4,1,0);
INSERT INTO RCU_CMD_CONFIG (unit_id,cmd_data,begin_byte_pos,byte_len,begin_bit_pos,bit_len,data_form) VALUES ('light_state_12',0x8008,11,1,3,1,0);
INSERT INTO RCU_CMD_CONFIG (unit_id,cmd_data,begin_byte_pos,byte_len,begin_bit_pos,bit_len,data_form) VALUES ('light_state_11',0x8008,11,1,2,1,0);
INSERT INTO RCU_CMD_CONFIG (unit_id,cmd_data,begin_byte_pos,byte_len,begin_bit_pos,bit_len,data_form) VALUES ('light_state_10',0x8008,11,1,1,1,0);
INSERT INTO RCU_CMD_CONFIG (unit_id,cmd_data,begin_byte_pos,byte_len,begin_bit_pos,bit_len,data_form) VALUES ('light_state_9',0x8008,11,1,0,1,0);
INSERT INTO RCU_CMD_CONFIG (unit_id,cmd_data,begin_byte_pos,byte_len,begin_bit_pos,bit_len,data_form) VALUES ('light_state_24',0x8008,12,1,7,1,0);
INSERT INTO RCU_CMD_CONFIG (unit_id,cmd_data,begin_byte_pos,byte_len,begin_bit_pos,bit_len,data_form) VALUES ('light_state_23',0x8008,12,1,6,1,0);
INSERT INTO RCU_CMD_CONFIG (unit_id,cmd_data,begin_byte_pos,byte_len,begin_bit_pos,bit_len,data_form) VALUES ('light_state_22',0x8008,12,1,5,1,0);
INSERT INTO RCU_CMD_CONFIG (unit_id,cmd_data,begin_byte_pos,byte_len,begin_bit_pos,bit_len,data_form) VALUES ('light_state_21',0x8008,12,1,4,1,0);
INSERT INTO RCU_CMD_CONFIG (unit_id,cmd_data,begin_byte_pos,byte_len,begin_bit_pos,bit_len,data_form) VALUES ('light_state_20',0x8008,12,1,3,1,0);
INSERT INTO RCU_CMD_CONFIG (unit_id,cmd_data,begin_byte_pos,byte_len,begin_bit_pos,bit_len,data_form) VALUES ('light_state_19',0x8008,12,1,2,1,0);
INSERT INTO RCU_CMD_CONFIG (unit_id,cmd_data,begin_byte_pos,byte_len,begin_bit_pos,bit_len,data_form) VALUES ('light_state_18',0x8008,12,1,1,1,0);
INSERT INTO RCU_CMD_CONFIG (unit_id,cmd_data,begin_byte_pos,byte_len,begin_bit_pos,bit_len,data_form) VALUES ('light_state_17',0x8008,12,1,0,1,0);
INSERT INTO RCU_CMD_CONFIG (unit_id,cmd_data,begin_byte_pos,byte_len,begin_bit_pos,bit_len,data_form) VALUES ('light_state_32',0x8008,13,1,7,1,0);
INSERT INTO RCU_CMD_CONFIG (unit_id,cmd_data,begin_byte_pos,byte_len,begin_bit_pos,bit_len,data_form) VALUES ('light_state_31',0x8008,13,1,6,1,0);
INSERT INTO RCU_CMD_CONFIG (unit_id,cmd_data,begin_byte_pos,byte_len,begin_bit_pos,bit_len,data_form) VALUES ('light_state_30',0x8008,13,1,5,1,0);
INSERT INTO RCU_CMD_CONFIG (unit_id,cmd_data,begin_byte_pos,byte_len,begin_bit_pos,bit_len,data_form) VALUES ('light_state_29',0x8008,13,1,4,1,0);
INSERT INTO RCU_CMD_CONFIG (unit_id,cmd_data,begin_byte_pos,byte_len,begin_bit_pos,bit_len,data_form) VALUES ('light_state_28',0x8008,13,1,3,1,0);
INSERT INTO RCU_CMD_CONFIG (unit_id,cmd_data,begin_byte_pos,byte_len,begin_bit_pos,bit_len,data_form) VALUES ('light_state_27',0x8008,13,1,2,1,0);
INSERT INTO RCU_CMD_CONFIG (unit_id,cmd_data,begin_byte_pos,byte_len,begin_bit_pos,bit_len,data_form) VALUES ('light_state_26',0x8008,13,1,1,1,0);
INSERT INTO RCU_CMD_CONFIG (unit_id,cmd_data,begin_byte_pos,byte_len,begin_bit_pos,bit_len,data_form) VALUES ('light_state_25',0x8008,13,1,0,1,0);
INSERT INTO RCU_CMD_CONFIG (unit_id,cmd_data,begin_byte_pos,byte_len,begin_bit_pos,bit_len,data_form) VALUES ('setting_temp1',0x8008,14,1,0,8,1);
INSERT INTO RCU_CMD_CONFIG (unit_id,cmd_data,begin_byte_pos,byte_len,begin_bit_pos,bit_len,data_form) VALUES ('room_temp1',0x8008,15,1,0,8,1);
INSERT INTO RCU_CMD_CONFIG (unit_id,cmd_data,begin_byte_pos,byte_len,begin_bit_pos,bit_len,data_form) VALUES ('wind_level1',0x8008,16,1,5,3,0);
INSERT INTO RCU_CMD_CONFIG (unit_id,cmd_data,begin_byte_pos,byte_len,begin_bit_pos,bit_len,data_form) VALUES ('valve_state1',0x8008,16,1,3,2,0);
INSERT INTO RCU_CMD_CONFIG (unit_id,cmd_data,begin_byte_pos,byte_len,begin_bit_pos,bit_len,data_form) VALUES ('setting_temp2',0x8008,17,1,0,8,1);
INSERT INTO RCU_CMD_CONFIG (unit_id,cmd_data,begin_byte_pos,byte_len,begin_bit_pos,bit_len,data_form) VALUES ('room_temp2',0x8008,18,1,0,8,1);
INSERT INTO RCU_CMD_CONFIG (unit_id,cmd_data,begin_byte_pos,byte_len,begin_bit_pos,bit_len,data_form) VALUES ('wind_level2',0x8008,19,1,5,3,0);
INSERT INTO RCU_CMD_CONFIG (unit_id,cmd_data,begin_byte_pos,byte_len,begin_bit_pos,bit_len,data_form) VALUES ('valve_state2',0x8008,19,1,3,2,0);
INSERT INTO RCU_CMD_CONFIG (unit_id,cmd_data,begin_byte_pos,byte_len,begin_bit_pos,bit_len,data_form) VALUES ('geotherm_state',0x8008,20,1,7,1,0);
INSERT INTO RCU_CMD_CONFIG (unit_id,cmd_data,begin_byte_pos,byte_len,begin_bit_pos,bit_len,data_form) VALUES ('geotherm_temp',0x8008,20,1,0,7,0);
INSERT INTO RCU_CMD_CONFIG (unit_id,cmd_data,begin_byte_pos,byte_len,begin_bit_pos,bit_len,data_form) VALUES ('setting_geotherm',0x8008,21,1,0,8,1);
INSERT INTO RCU_CMD_CONFIG (unit_id,cmd_data,begin_byte_pos,byte_len,begin_bit_pos,bit_len,data_form) VALUES ('floorNo',0xA11A,2,1,0,8,1);
INSERT INTO RCU_CMD_CONFIG (unit_id,cmd_data,begin_byte_pos,byte_len,begin_bit_pos,bit_len,data_form) VALUES ('roomNo',0xA11A,3,1,0,8,1);
INSERT INTO RCU_CMD_CONFIG (unit_id,cmd_data,begin_byte_pos,byte_len,begin_bit_pos,bit_len,data_form) VALUES ('cmd1',0xA11A,4,1,0,8,0);
INSERT INTO RCU_CMD_CONFIG (unit_id,cmd_data,begin_byte_pos,byte_len,begin_bit_pos,bit_len,data_form) VALUES ('cmd2',0xA11A,5,1,0,8,0);
INSERT INTO RCU_CMD_CONFIG (unit_id,cmd_data,begin_byte_pos,byte_len,begin_bit_pos,bit_len,data_form) VALUES ('card_delay',0xA11A,6,1,0,7,0);
INSERT INTO RCU_CMD_CONFIG (unit_id,cmd_data,begin_byte_pos,byte_len,begin_bit_pos,bit_len,data_form) VALUES ('floorNo',0xA22A,2,1,0,8,1);
INSERT INTO RCU_CMD_CONFIG (unit_id,cmd_data,begin_byte_pos,byte_len,begin_bit_pos,bit_len,data_form) VALUES ('roomNo',0xA22A,3,1,0,8,1);
INSERT INTO RCU_CMD_CONFIG (unit_id,cmd_data,begin_byte_pos,byte_len,begin_bit_pos,bit_len,data_form) VALUES ('cmd1',0xA22A,4,1,0,8,0);
INSERT INTO RCU_CMD_CONFIG (unit_id,cmd_data,begin_byte_pos,byte_len,begin_bit_pos,bit_len,data_form) VALUES ('cmd2',0xA22A,5,1,0,8,0);
INSERT INTO RCU_CMD_CONFIG (unit_id,cmd_data,begin_byte_pos,byte_len,begin_bit_pos,bit_len,data_form) VALUES ('door_clock',0xA22A,6,1,0,7,0);
INSERT INTO RCU_CMD_CONFIG (unit_id,cmd_data,begin_byte_pos,byte_len,begin_bit_pos,bit_len,data_form) VALUES ('floorNo',0xA44A,2,1,0,8,1);
INSERT INTO RCU_CMD_CONFIG (unit_id,cmd_data,begin_byte_pos,byte_len,begin_bit_pos,bit_len,data_form) VALUES ('roomNo',0xA44A,3,1,0,8,1);
INSERT INTO RCU_CMD_CONFIG (unit_id,cmd_data,begin_byte_pos,byte_len,begin_bit_pos,bit_len,data_form) VALUES ('cmd1',0xA44A,4,1,0,8,0);
INSERT INTO RCU_CMD_CONFIG (unit_id,cmd_data,begin_byte_pos,byte_len,begin_bit_pos,bit_len,data_form) VALUES ('cmd2',0xA44A,5,1,0,8,0);
INSERT INTO RCU_CMD_CONFIG (unit_id,cmd_data,begin_byte_pos,byte_len,begin_bit_pos,bit_len,data_form) VALUES ('light_state_8',0xA44A,6,1,7,1,0);
INSERT INTO RCU_CMD_CONFIG (unit_id,cmd_data,begin_byte_pos,byte_len,begin_bit_pos,bit_len,data_form) VALUES ('light_state_7',0xA44A,6,1,6,1,0);
INSERT INTO RCU_CMD_CONFIG (unit_id,cmd_data,begin_byte_pos,byte_len,begin_bit_pos,bit_len,data_form) VALUES ('light_state_6',0xA44A,6,1,5,1,0);
INSERT INTO RCU_CMD_CONFIG (unit_id,cmd_data,begin_byte_pos,byte_len,begin_bit_pos,bit_len,data_form) VALUES ('light_state_5',0xA44A,6,1,4,1,0);
INSERT INTO RCU_CMD_CONFIG (unit_id,cmd_data,begin_byte_pos,byte_len,begin_bit_pos,bit_len,data_form) VALUES ('light_state_4',0xA44A,6,1,3,1,0);
INSERT INTO RCU_CMD_CONFIG (unit_id,cmd_data,begin_byte_pos,byte_len,begin_bit_pos,bit_len,data_form) VALUES ('light_state_3',0xA44A,6,1,2,1,0);
INSERT INTO RCU_CMD_CONFIG (unit_id,cmd_data,begin_byte_pos,byte_len,begin_bit_pos,bit_len,data_form) VALUES ('light_state_2',0xA44A,6,1,1,1,0);
INSERT INTO RCU_CMD_CONFIG (unit_id,cmd_data,begin_byte_pos,byte_len,begin_bit_pos,bit_len,data_form) VALUES ('light_state_1',0xA44A,6,1,0,1,0);
INSERT INTO RCU_CMD_CONFIG (unit_id,cmd_data,begin_byte_pos,byte_len,begin_bit_pos,bit_len,data_form) VALUES ('light_state_16',0xA44A,7,1,7,1,0);
INSERT INTO RCU_CMD_CONFIG (unit_id,cmd_data,begin_byte_pos,byte_len,begin_bit_pos,bit_len,data_form) VALUES ('light_state_15',0xA44A,7,1,6,1,0);
INSERT INTO RCU_CMD_CONFIG (unit_id,cmd_data,begin_byte_pos,byte_len,begin_bit_pos,bit_len,data_form) VALUES ('light_state_14',0xA44A,7,1,5,1,0);
INSERT INTO RCU_CMD_CONFIG (unit_id,cmd_data,begin_byte_pos,byte_len,begin_bit_pos,bit_len,data_form) VALUES ('light_state_13',0xA44A,7,1,4,1,0);
INSERT INTO RCU_CMD_CONFIG (unit_id,cmd_data,begin_byte_pos,byte_len,begin_bit_pos,bit_len,data_form) VALUES ('light_state_12',0xA44A,7,1,3,1,0);
INSERT INTO RCU_CMD_CONFIG (unit_id,cmd_data,begin_byte_pos,byte_len,begin_bit_pos,bit_len,data_form) VALUES ('light_state_11',0xA44A,7,1,2,1,0);
INSERT INTO RCU_CMD_CONFIG (unit_id,cmd_data,begin_byte_pos,byte_len,begin_bit_pos,bit_len,data_form) VALUES ('light_state_10',0xA44A,7,1,1,1,0);
INSERT INTO RCU_CMD_CONFIG (unit_id,cmd_data,begin_byte_pos,byte_len,begin_bit_pos,bit_len,data_form) VALUES ('light_state_9',0xA44A,7,1,0,1,0);
INSERT INTO RCU_CMD_CONFIG (unit_id,cmd_data,begin_byte_pos,byte_len,begin_bit_pos,bit_len,data_form) VALUES ('light_state_24',0xA44A,8,1,7,1,0);
INSERT INTO RCU_CMD_CONFIG (unit_id,cmd_data,begin_byte_pos,byte_len,begin_bit_pos,bit_len,data_form) VALUES ('light_state_23',0xA44A,8,1,6,1,0);
INSERT INTO RCU_CMD_CONFIG (unit_id,cmd_data,begin_byte_pos,byte_len,begin_bit_pos,bit_len,data_form) VALUES ('light_state_22',0xA44A,8,1,5,1,0);
INSERT INTO RCU_CMD_CONFIG (unit_id,cmd_data,begin_byte_pos,byte_len,begin_bit_pos,bit_len,data_form) VALUES ('light_state_21',0xA44A,8,1,4,1,0);
INSERT INTO RCU_CMD_CONFIG (unit_id,cmd_data,begin_byte_pos,byte_len,begin_bit_pos,bit_len,data_form) VALUES ('light_state_20',0xA44A,8,1,3,1,0);
INSERT INTO RCU_CMD_CONFIG (unit_id,cmd_data,begin_byte_pos,byte_len,begin_bit_pos,bit_len,data_form) VALUES ('light_state_19',0xA44A,8,1,2,1,0);
INSERT INTO RCU_CMD_CONFIG (unit_id,cmd_data,begin_byte_pos,byte_len,begin_bit_pos,bit_len,data_form) VALUES ('light_state_18',0xA44A,8,1,1,1,0);
INSERT INTO RCU_CMD_CONFIG (unit_id,cmd_data,begin_byte_pos,byte_len,begin_bit_pos,bit_len,data_form) VALUES ('light_state_17',0xA44A,8,1,0,1,0);
INSERT INTO RCU_CMD_CONFIG (unit_id,cmd_data,begin_byte_pos,byte_len,begin_bit_pos,bit_len,data_form) VALUES ('light_state_32',0xA44A,9,1,7,1,0);
INSERT INTO RCU_CMD_CONFIG (unit_id,cmd_data,begin_byte_pos,byte_len,begin_bit_pos,bit_len,data_form) VALUES ('light_state_31',0xA44A,9,1,6,1,0);
INSERT INTO RCU_CMD_CONFIG (unit_id,cmd_data,begin_byte_pos,byte_len,begin_bit_pos,bit_len,data_form) VALUES ('light_state_30',0xA44A,9,1,5,1,0);
INSERT INTO RCU_CMD_CONFIG (unit_id,cmd_data,begin_byte_pos,byte_len,begin_bit_pos,bit_len,data_form) VALUES ('light_state_29',0xA44A,9,1,4,1,0);
INSERT INTO RCU_CMD_CONFIG (unit_id,cmd_data,begin_byte_pos,byte_len,begin_bit_pos,bit_len,data_form) VALUES ('light_state_28',0xA44A,9,1,3,1,0);
INSERT INTO RCU_CMD_CONFIG (unit_id,cmd_data,begin_byte_pos,byte_len,begin_bit_pos,bit_len,data_form) VALUES ('light_state_27',0xA44A,9,1,2,1,0);
INSERT INTO RCU_CMD_CONFIG (unit_id,cmd_data,begin_byte_pos,byte_len,begin_bit_pos,bit_len,data_form) VALUES ('light_state_26',0xA44A,9,1,1,1,0);
INSERT INTO RCU_CMD_CONFIG (unit_id,cmd_data,begin_byte_pos,byte_len,begin_bit_pos,bit_len,data_form) VALUES ('light_state_25',0xA44A,9,1,0,1,0);
INSERT INTO RCU_CMD_CONFIG (unit_id,cmd_data,begin_byte_pos,byte_len,begin_bit_pos,bit_len,data_form) VALUES ('floorNo',0xA55A,2,1,0,8,1);
INSERT INTO RCU_CMD_CONFIG (unit_id,cmd_data,begin_byte_pos,byte_len,begin_bit_pos,bit_len,data_form) VALUES ('roomNo',0xA55A,3,1,0,8,1);
INSERT INTO RCU_CMD_CONFIG (unit_id,cmd_data,begin_byte_pos,byte_len,begin_bit_pos,bit_len,data_form) VALUES ('cmd1',0xA55A,4,1,0,8,0);
INSERT INTO RCU_CMD_CONFIG (unit_id,cmd_data,begin_byte_pos,byte_len,begin_bit_pos,bit_len,data_form) VALUES ('cmd2',0xA55A,5,1,0,8,0);
INSERT INTO RCU_CMD_CONFIG (unit_id,cmd_data,begin_byte_pos,byte_len,begin_bit_pos,bit_len,data_form) VALUES ('air_temp_set',0xA55A,6,1,0,8,1);
INSERT INTO RCU_CMD_CONFIG (unit_id,cmd_data,begin_byte_pos,byte_len,begin_bit_pos,bit_len,data_form) VALUES ('wind_level_set',0xA55A,7,1,0,8,0);
INSERT INTO RCU_CMD_CONFIG (unit_id,cmd_data,begin_byte_pos,byte_len,begin_bit_pos,bit_len,data_form) VALUES ('temp_addr_set',0xA55A,10,1,0,8,0);
INSERT INTO RCU_CMD_CONFIG (unit_id,cmd_data,begin_byte_pos,byte_len,begin_bit_pos,bit_len,data_form) VALUES ('floorNo',0xA66A,2,1,0,8,1);
INSERT INTO RCU_CMD_CONFIG (unit_id,cmd_data,begin_byte_pos,byte_len,begin_bit_pos,bit_len,data_form) VALUES ('roomNo',0xA66A,3,1,0,8,1);
INSERT INTO RCU_CMD_CONFIG (unit_id,cmd_data,begin_byte_pos,byte_len,begin_bit_pos,bit_len,data_form) VALUES ('cmd1',0xA66A,4,1,0,8,0);
INSERT INTO RCU_CMD_CONFIG (unit_id,cmd_data,begin_byte_pos,byte_len,begin_bit_pos,bit_len,data_form) VALUES ('cmd2',0xA66A,5,1,0,8,0);
INSERT INTO RCU_CMD_CONFIG (unit_id,cmd_data,begin_byte_pos,byte_len,begin_bit_pos,bit_len,data_form) VALUES ('temp_ctrl_up',0xA66A,6,1,0,8,1);
INSERT INTO RCU_CMD_CONFIG (unit_id,cmd_data,begin_byte_pos,byte_len,begin_bit_pos,bit_len,data_form) VALUES ('temp_ctrl_dn',0xA66A,7,1,0,8,1);
INSERT INTO RCU_CMD_CONFIG (unit_id,cmd_data,begin_byte_pos,byte_len,begin_bit_pos,bit_len,data_form) VALUES ('temp_hold_up',0xA66A,8,1,0,8,1);
INSERT INTO RCU_CMD_CONFIG (unit_id,cmd_data,begin_byte_pos,byte_len,begin_bit_pos,bit_len,data_form) VALUES ('temp_hold_dn',0xA66A,9,1,0,8,1);
INSERT INTO RCU_CMD_CONFIG (unit_id,cmd_data,begin_byte_pos,byte_len,begin_bit_pos,bit_len,data_form) VALUES ('temp_addr_set',0xA66A,10,1,0,8,0);
INSERT INTO RCU_CMD_CONFIG (unit_id,cmd_data,begin_byte_pos,byte_len,begin_bit_pos,bit_len,data_form) VALUES ('floorNo',0xA77A,2,1,0,8,1);
INSERT INTO RCU_CMD_CONFIG (unit_id,cmd_data,begin_byte_pos,byte_len,begin_bit_pos,bit_len,data_form) VALUES ('roomNo',0xA77A,3,1,0,8,1);
INSERT INTO RCU_CMD_CONFIG (unit_id,cmd_data,begin_byte_pos,byte_len,begin_bit_pos,bit_len,data_form) VALUES ('cmd1',0xA77A,4,1,0,8,0);
INSERT INTO RCU_CMD_CONFIG (unit_id,cmd_data,begin_byte_pos,byte_len,begin_bit_pos,bit_len,data_form) VALUES ('cmd2',0xA77A,5,1,0,8,0);
INSERT INTO RCU_CMD_CONFIG (unit_id,cmd_data,begin_byte_pos,byte_len,begin_bit_pos,bit_len,data_form) VALUES ('ctrl_mode',0xA77A,6,1,0,2,0);
INSERT INTO RCU_CMD_CONFIG (unit_id,cmd_data,begin_byte_pos,byte_len,begin_bit_pos,bit_len,data_form) VALUES ('season_mode',0xA77A,7,1,0,3,0);
INSERT INTO RCU_CMD_CONFIG (unit_id,cmd_data,begin_byte_pos,byte_len,begin_bit_pos,bit_len,data_form) VALUES ('floorNo',0xA88A,2,1,0,8,1);
INSERT INTO RCU_CMD_CONFIG (unit_id,cmd_data,begin_byte_pos,byte_len,begin_bit_pos,bit_len,data_form) VALUES ('roomNo',0xA88A,3,1,0,8,1);
INSERT INTO RCU_CMD_CONFIG (unit_id,cmd_data,begin_byte_pos,byte_len,begin_bit_pos,bit_len,data_form) VALUES ('cmd1',0xA88A,4,1,0,8,0);
INSERT INTO RCU_CMD_CONFIG (unit_id,cmd_data,begin_byte_pos,byte_len,begin_bit_pos,bit_len,data_form) VALUES ('cmd2',0xA88A,5,1,0,8,0);
INSERT INTO RCU_CMD_CONFIG (unit_id,cmd_data,begin_byte_pos,byte_len,begin_bit_pos,bit_len,data_form) VALUES ('in_setting_temp',0xA88A,6,1,0,8,1);
INSERT INTO RCU_CMD_CONFIG (unit_id,cmd_data,begin_byte_pos,byte_len,begin_bit_pos,bit_len,data_form) VALUES ('in_wind_level',0xA88A,7,1,0,8,0);
INSERT INTO RCU_CMD_CONFIG (unit_id,cmd_data,begin_byte_pos,byte_len,begin_bit_pos,bit_len,data_form) VALUES ('in_welcome_level',0xA88A,8,1,0,8,0);
INSERT INTO RCU_CMD_CONFIG (unit_id,cmd_data,begin_byte_pos,byte_len,begin_bit_pos,bit_len,data_form) VALUES ('floorNo',0xA99A,2,1,0,8,1);
INSERT INTO RCU_CMD_CONFIG (unit_id,cmd_data,begin_byte_pos,byte_len,begin_bit_pos,bit_len,data_form) VALUES ('roomNo',0xA99A,3,1,0,8,1);
INSERT INTO RCU_CMD_CONFIG (unit_id,cmd_data,begin_byte_pos,byte_len,begin_bit_pos,bit_len,data_form) VALUES ('cmd1',0xA99A,4,1,0,8,0);
INSERT INTO RCU_CMD_CONFIG (unit_id,cmd_data,begin_byte_pos,byte_len,begin_bit_pos,bit_len,data_form) VALUES ('cmd2',0xA99A,5,1,0,8,0);
INSERT INTO RCU_CMD_CONFIG (unit_id,cmd_data,begin_byte_pos,byte_len,begin_bit_pos,bit_len,data_form) VALUES ('light_day_8',0xA99A,6,1,7,1,0);
INSERT INTO RCU_CMD_CONFIG (unit_id,cmd_data,begin_byte_pos,byte_len,begin_bit_pos,bit_len,data_form) VALUES ('light_day_7',0xA99A,6,1,6,1,0);
INSERT INTO RCU_CMD_CONFIG (unit_id,cmd_data,begin_byte_pos,byte_len,begin_bit_pos,bit_len,data_form) VALUES ('light_day_6',0xA99A,6,1,5,1,0);
INSERT INTO RCU_CMD_CONFIG (unit_id,cmd_data,begin_byte_pos,byte_len,begin_bit_pos,bit_len,data_form) VALUES ('light_day_5',0xA99A,6,1,4,1,0);
INSERT INTO RCU_CMD_CONFIG (unit_id,cmd_data,begin_byte_pos,byte_len,begin_bit_pos,bit_len,data_form) VALUES ('light_day_4',0xA99A,6,1,3,1,0);
INSERT INTO RCU_CMD_CONFIG (unit_id,cmd_data,begin_byte_pos,byte_len,begin_bit_pos,bit_len,data_form) VALUES ('light_day_3',0xA99A,6,1,2,1,0);
INSERT INTO RCU_CMD_CONFIG (unit_id,cmd_data,begin_byte_pos,byte_len,begin_bit_pos,bit_len,data_form) VALUES ('light_day_2',0xA99A,6,1,1,1,0);
INSERT INTO RCU_CMD_CONFIG (unit_id,cmd_data,begin_byte_pos,byte_len,begin_bit_pos,bit_len,data_form) VALUES ('light_day_1',0xA99A,6,1,0,1,0);
INSERT INTO RCU_CMD_CONFIG (unit_id,cmd_data,begin_byte_pos,byte_len,begin_bit_pos,bit_len,data_form) VALUES ('light_day_16',0xA99A,7,1,7,1,0);
INSERT INTO RCU_CMD_CONFIG (unit_id,cmd_data,begin_byte_pos,byte_len,begin_bit_pos,bit_len,data_form) VALUES ('light_day_15',0xA99A,7,1,6,1,0);
INSERT INTO RCU_CMD_CONFIG (unit_id,cmd_data,begin_byte_pos,byte_len,begin_bit_pos,bit_len,data_form) VALUES ('light_day_14',0xA99A,7,1,5,1,0);
INSERT INTO RCU_CMD_CONFIG (unit_id,cmd_data,begin_byte_pos,byte_len,begin_bit_pos,bit_len,data_form) VALUES ('light_day_13',0xA99A,7,1,4,1,0);
INSERT INTO RCU_CMD_CONFIG (unit_id,cmd_data,begin_byte_pos,byte_len,begin_bit_pos,bit_len,data_form) VALUES ('light_day_12',0xA99A,7,1,3,1,0);
INSERT INTO RCU_CMD_CONFIG (unit_id,cmd_data,begin_byte_pos,byte_len,begin_bit_pos,bit_len,data_form) VALUES ('light_day_11',0xA99A,7,1,2,1,0);
INSERT INTO RCU_CMD_CONFIG (unit_id,cmd_data,begin_byte_pos,byte_len,begin_bit_pos,bit_len,data_form) VALUES ('light_day_10',0xA99A,7,1,1,1,0);
INSERT INTO RCU_CMD_CONFIG (unit_id,cmd_data,begin_byte_pos,byte_len,begin_bit_pos,bit_len,data_form) VALUES ('light_day_9',0xA99A,7,1,0,1,0);
INSERT INTO RCU_CMD_CONFIG (unit_id,cmd_data,begin_byte_pos,byte_len,begin_bit_pos,bit_len,data_form) VALUES ('light_day_24',0xA99A,8,1,7,1,0);
INSERT INTO RCU_CMD_CONFIG (unit_id,cmd_data,begin_byte_pos,byte_len,begin_bit_pos,bit_len,data_form) VALUES ('light_day_23',0xA99A,8,1,6,1,0);
INSERT INTO RCU_CMD_CONFIG (unit_id,cmd_data,begin_byte_pos,byte_len,begin_bit_pos,bit_len,data_form) VALUES ('light_day_22',0xA99A,8,1,5,1,0);
INSERT INTO RCU_CMD_CONFIG (unit_id,cmd_data,begin_byte_pos,byte_len,begin_bit_pos,bit_len,data_form) VALUES ('light_day_21',0xA99A,8,1,4,1,0);
INSERT INTO RCU_CMD_CONFIG (unit_id,cmd_data,begin_byte_pos,byte_len,begin_bit_pos,bit_len,data_form) VALUES ('light_day_20',0xA99A,8,1,3,1,0);
INSERT INTO RCU_CMD_CONFIG (unit_id,cmd_data,begin_byte_pos,byte_len,begin_bit_pos,bit_len,data_form) VALUES ('light_day_19',0xA99A,8,1,2,1,0);
INSERT INTO RCU_CMD_CONFIG (unit_id,cmd_data,begin_byte_pos,byte_len,begin_bit_pos,bit_len,data_form) VALUES ('light_day_18',0xA99A,8,1,1,1,0);
INSERT INTO RCU_CMD_CONFIG (unit_id,cmd_data,begin_byte_pos,byte_len,begin_bit_pos,bit_len,data_form) VALUES ('light_day_17',0xA99A,8,1,0,1,0);
INSERT INTO RCU_CMD_CONFIG (unit_id,cmd_data,begin_byte_pos,byte_len,begin_bit_pos,bit_len,data_form) VALUES ('light_day_32',0xA99A,9,1,7,1,0);
INSERT INTO RCU_CMD_CONFIG (unit_id,cmd_data,begin_byte_pos,byte_len,begin_bit_pos,bit_len,data_form) VALUES ('light_day_31',0xA99A,9,1,6,1,0);
INSERT INTO RCU_CMD_CONFIG (unit_id,cmd_data,begin_byte_pos,byte_len,begin_bit_pos,bit_len,data_form) VALUES ('light_day_30',0xA99A,9,1,5,1,0);
INSERT INTO RCU_CMD_CONFIG (unit_id,cmd_data,begin_byte_pos,byte_len,begin_bit_pos,bit_len,data_form) VALUES ('light_day_29',0xA99A,9,1,4,1,0);
INSERT INTO RCU_CMD_CONFIG (unit_id,cmd_data,begin_byte_pos,byte_len,begin_bit_pos,bit_len,data_form) VALUES ('light_day_28',0xA99A,9,1,3,1,0);
INSERT INTO RCU_CMD_CONFIG (unit_id,cmd_data,begin_byte_pos,byte_len,begin_bit_pos,bit_len,data_form) VALUES ('light_day_27',0xA99A,9,1,2,1,0);
INSERT INTO RCU_CMD_CONFIG (unit_id,cmd_data,begin_byte_pos,byte_len,begin_bit_pos,bit_len,data_form) VALUES ('light_day_26',0xA99A,9,1,1,1,0);
INSERT INTO RCU_CMD_CONFIG (unit_id,cmd_data,begin_byte_pos,byte_len,begin_bit_pos,bit_len,data_form) VALUES ('light_day_25',0xA99A,9,1,0,1,0);
INSERT INTO RCU_CMD_CONFIG (unit_id,cmd_data,begin_byte_pos,byte_len,begin_bit_pos,bit_len,data_form) VALUES ('floorNo',0xA00A,2,1,0,8,1);
INSERT INTO RCU_CMD_CONFIG (unit_id,cmd_data,begin_byte_pos,byte_len,begin_bit_pos,bit_len,data_form) VALUES ('roomNo',0xA00A,3,1,0,8,1);
INSERT INTO RCU_CMD_CONFIG (unit_id,cmd_data,begin_byte_pos,byte_len,begin_bit_pos,bit_len,data_form) VALUES ('cmd1',0xA00A,4,1,0,8,0);
INSERT INTO RCU_CMD_CONFIG (unit_id,cmd_data,begin_byte_pos,byte_len,begin_bit_pos,bit_len,data_form) VALUES ('cmd2',0xA00A,5,1,0,8,0);
INSERT INTO RCU_CMD_CONFIG (unit_id,cmd_data,begin_byte_pos,byte_len,begin_bit_pos,bit_len,data_form) VALUES ('light_night_8',0xA00A,6,1,7,1,0);
INSERT INTO RCU_CMD_CONFIG (unit_id,cmd_data,begin_byte_pos,byte_len,begin_bit_pos,bit_len,data_form) VALUES ('light_night_7',0xA00A,6,1,6,1,0);
INSERT INTO RCU_CMD_CONFIG (unit_id,cmd_data,begin_byte_pos,byte_len,begin_bit_pos,bit_len,data_form) VALUES ('light_night_6',0xA00A,6,1,5,1,0);
INSERT INTO RCU_CMD_CONFIG (unit_id,cmd_data,begin_byte_pos,byte_len,begin_bit_pos,bit_len,data_form) VALUES ('light_night_5',0xA00A,6,1,4,1,0);
INSERT INTO RCU_CMD_CONFIG (unit_id,cmd_data,begin_byte_pos,byte_len,begin_bit_pos,bit_len,data_form) VALUES ('light_night_4',0xA00A,6,1,3,1,0);
INSERT INTO RCU_CMD_CONFIG (unit_id,cmd_data,begin_byte_pos,byte_len,begin_bit_pos,bit_len,data_form) VALUES ('light_night_3',0xA00A,6,1,2,1,0);
INSERT INTO RCU_CMD_CONFIG (unit_id,cmd_data,begin_byte_pos,byte_len,begin_bit_pos,bit_len,data_form) VALUES ('light_night_2',0xA00A,6,1,1,1,0);
INSERT INTO RCU_CMD_CONFIG (unit_id,cmd_data,begin_byte_pos,byte_len,begin_bit_pos,bit_len,data_form) VALUES ('light_night_1',0xA00A,6,1,0,1,0);
INSERT INTO RCU_CMD_CONFIG (unit_id,cmd_data,begin_byte_pos,byte_len,begin_bit_pos,bit_len,data_form) VALUES ('light_night_16',0xA00A,7,1,7,1,0);
INSERT INTO RCU_CMD_CONFIG (unit_id,cmd_data,begin_byte_pos,byte_len,begin_bit_pos,bit_len,data_form) VALUES ('light_night_15',0xA00A,7,1,6,1,0);
INSERT INTO RCU_CMD_CONFIG (unit_id,cmd_data,begin_byte_pos,byte_len,begin_bit_pos,bit_len,data_form) VALUES ('light_night_14',0xA00A,7,1,5,1,0);
INSERT INTO RCU_CMD_CONFIG (unit_id,cmd_data,begin_byte_pos,byte_len,begin_bit_pos,bit_len,data_form) VALUES ('light_night_13',0xA00A,7,1,4,1,0);
INSERT INTO RCU_CMD_CONFIG (unit_id,cmd_data,begin_byte_pos,byte_len,begin_bit_pos,bit_len,data_form) VALUES ('light_night_12',0xA00A,7,1,3,1,0);
INSERT INTO RCU_CMD_CONFIG (unit_id,cmd_data,begin_byte_pos,byte_len,begin_bit_pos,bit_len,data_form) VALUES ('light_night_11',0xA00A,7,1,2,1,0);
INSERT INTO RCU_CMD_CONFIG (unit_id,cmd_data,begin_byte_pos,byte_len,begin_bit_pos,bit_len,data_form) VALUES ('light_night_10',0xA00A,7,1,1,1,0);
INSERT INTO RCU_CMD_CONFIG (unit_id,cmd_data,begin_byte_pos,byte_len,begin_bit_pos,bit_len,data_form) VALUES ('light_night_9',0xA00A,7,1,0,1,0);
INSERT INTO RCU_CMD_CONFIG (unit_id,cmd_data,begin_byte_pos,byte_len,begin_bit_pos,bit_len,data_form) VALUES ('light_night_24',0xA00A,8,1,7,1,0);
INSERT INTO RCU_CMD_CONFIG (unit_id,cmd_data,begin_byte_pos,byte_len,begin_bit_pos,bit_len,data_form) VALUES ('light_night_23',0xA00A,8,1,6,1,0);
INSERT INTO RCU_CMD_CONFIG (unit_id,cmd_data,begin_byte_pos,byte_len,begin_bit_pos,bit_len,data_form) VALUES ('light_night_22',0xA00A,8,1,5,1,0);
INSERT INTO RCU_CMD_CONFIG (unit_id,cmd_data,begin_byte_pos,byte_len,begin_bit_pos,bit_len,data_form) VALUES ('light_night_21',0xA00A,8,1,4,1,0);
INSERT INTO RCU_CMD_CONFIG (unit_id,cmd_data,begin_byte_pos,byte_len,begin_bit_pos,bit_len,data_form) VALUES ('light_night_20',0xA00A,8,1,3,1,0);
INSERT INTO RCU_CMD_CONFIG (unit_id,cmd_data,begin_byte_pos,byte_len,begin_bit_pos,bit_len,data_form) VALUES ('light_night_19',0xA00A,8,1,2,1,0);
INSERT INTO RCU_CMD_CONFIG (unit_id,cmd_data,begin_byte_pos,byte_len,begin_bit_pos,bit_len,data_form) VALUES ('light_night_18',0xA00A,8,1,1,1,0);
INSERT INTO RCU_CMD_CONFIG (unit_id,cmd_data,begin_byte_pos,byte_len,begin_bit_pos,bit_len,data_form) VALUES ('light_night_17',0xA00A,8,1,0,1,0);
INSERT INTO RCU_CMD_CONFIG (unit_id,cmd_data,begin_byte_pos,byte_len,begin_bit_pos,bit_len,data_form) VALUES ('light_night_32',0xA00A,9,1,7,1,0);
INSERT INTO RCU_CMD_CONFIG (unit_id,cmd_data,begin_byte_pos,byte_len,begin_bit_pos,bit_len,data_form) VALUES ('light_night_31',0xA00A,9,1,6,1,0);
INSERT INTO RCU_CMD_CONFIG (unit_id,cmd_data,begin_byte_pos,byte_len,begin_bit_pos,bit_len,data_form) VALUES ('light_night_30',0xA00A,9,1,5,1,0);
INSERT INTO RCU_CMD_CONFIG (unit_id,cmd_data,begin_byte_pos,byte_len,begin_bit_pos,bit_len,data_form) VALUES ('light_night_29',0xA00A,9,1,4,1,0);
INSERT INTO RCU_CMD_CONFIG (unit_id,cmd_data,begin_byte_pos,byte_len,begin_bit_pos,bit_len,data_form) VALUES ('light_night_28',0xA00A,9,1,3,1,0);
INSERT INTO RCU_CMD_CONFIG (unit_id,cmd_data,begin_byte_pos,byte_len,begin_bit_pos,bit_len,data_form) VALUES ('light_night_27',0xA00A,9,1,2,1,0);
INSERT INTO RCU_CMD_CONFIG (unit_id,cmd_data,begin_byte_pos,byte_len,begin_bit_pos,bit_len,data_form) VALUES ('light_night_26',0xA00A,9,1,1,1,0);
INSERT INTO RCU_CMD_CONFIG (unit_id,cmd_data,begin_byte_pos,byte_len,begin_bit_pos,bit_len,data_form) VALUES ('light_night_25',0xA00A,9,1,0,1,0);
INSERT INTO RCU_CMD_CONFIG (unit_id,cmd_data,begin_byte_pos,byte_len,begin_bit_pos,bit_len,data_form) VALUES ('floorNo',0xABBA,2,1,0,8,1);
INSERT INTO RCU_CMD_CONFIG (unit_id,cmd_data,begin_byte_pos,byte_len,begin_bit_pos,bit_len,data_form) VALUES ('roomNo',0xABBA,3,1,0,8,1);
INSERT INTO RCU_CMD_CONFIG (unit_id,cmd_data,begin_byte_pos,byte_len,begin_bit_pos,bit_len,data_form) VALUES ('cmd1',0xABBA,4,1,0,8,0);
INSERT INTO RCU_CMD_CONFIG (unit_id,cmd_data,begin_byte_pos,byte_len,begin_bit_pos,bit_len,data_form) VALUES ('cmd2',0xABBA,5,1,0,8,0);
INSERT INTO RCU_CMD_CONFIG (unit_id,cmd_data,begin_byte_pos,byte_len,begin_bit_pos,bit_len,data_form) VALUES ('run_time',0xABBA,6,1,0,8,0);
INSERT INTO RCU_CMD_CONFIG (unit_id,cmd_data,begin_byte_pos,byte_len,begin_bit_pos,bit_len,data_form) VALUES ('stop_time',0xABBA,7,1,0,8,0);
INSERT INTO RCU_CMD_CONFIG (unit_id,cmd_data,begin_byte_pos,byte_len,begin_bit_pos,bit_len,data_form) VALUES ('set_wind_level',0xABBA,8,1,0,3,0);
INSERT INTO RCU_CMD_CONFIG (unit_id,cmd_data,begin_byte_pos,byte_len,begin_bit_pos,bit_len,data_form) VALUES ('temp_addr_set',0xABBA,10,1,0,8,0);
INSERT INTO RCU_CMD_CONFIG (unit_id,cmd_data,begin_byte_pos,byte_len,begin_bit_pos,bit_len,data_form) VALUES ('floorNo',0xACCA,2,1,0,8,1);
INSERT INTO RCU_CMD_CONFIG (unit_id,cmd_data,begin_byte_pos,byte_len,begin_bit_pos,bit_len,data_form) VALUES ('roomNo',0xACCA,3,1,0,8,1);
INSERT INTO RCU_CMD_CONFIG (unit_id,cmd_data,begin_byte_pos,byte_len,begin_bit_pos,bit_len,data_form) VALUES ('cmd1',0xACCA,4,1,0,8,0);
INSERT INTO RCU_CMD_CONFIG (unit_id,cmd_data,begin_byte_pos,byte_len,begin_bit_pos,bit_len,data_form) VALUES ('cmd2',0xACCA,5,1,0,8,0);
INSERT INTO RCU_CMD_CONFIG (unit_id,cmd_data,begin_byte_pos,byte_len,begin_bit_pos,bit_len,data_form) VALUES ('temp_comp',0xACCA,6,1,0,8,0);
INSERT INTO RCU_CMD_CONFIG (unit_id,cmd_data,begin_byte_pos,byte_len,begin_bit_pos,bit_len,data_form) VALUES ('temp_addr_set',0xACCA,10,1,0,8,0);
INSERT INTO RCU_CMD_CONFIG (unit_id,cmd_data,begin_byte_pos,byte_len,begin_bit_pos,bit_len,data_form) VALUES ('floorNo',0xB11B,2,1,0,8,1);
INSERT INTO RCU_CMD_CONFIG (unit_id,cmd_data,begin_byte_pos,byte_len,begin_bit_pos,bit_len,data_form) VALUES ('roomNo',0xB11B,3,1,0,8,1);
INSERT INTO RCU_CMD_CONFIG (unit_id,cmd_data,begin_byte_pos,byte_len,begin_bit_pos,bit_len,data_form) VALUES ('cmd1',0xB11B,4,1,0,8,0);
INSERT INTO RCU_CMD_CONFIG (unit_id,cmd_data,begin_byte_pos,byte_len,begin_bit_pos,bit_len,data_form) VALUES ('cmd2',0xB11B,5,1,0,8,0);
INSERT INTO RCU_CMD_CONFIG (unit_id,cmd_data,begin_byte_pos,byte_len,begin_bit_pos,bit_len,data_form) VALUES ('geotherm_flag_state',0xB11B,6,1,0,8,0);
INSERT INTO RCU_CMD_CONFIG (unit_id,cmd_data,begin_byte_pos,byte_len,begin_bit_pos,bit_len,data_form) VALUES ('geotherm_yes_run',0xB11B,7,1,0,8,1);
INSERT INTO RCU_CMD_CONFIG (unit_id,cmd_data,begin_byte_pos,byte_len,begin_bit_pos,bit_len,data_form) VALUES ('geotherm_yes_stop',0xB11B,8,1,0,8,1);
INSERT INTO RCU_CMD_CONFIG (unit_id,cmd_data,begin_byte_pos,byte_len,begin_bit_pos,bit_len,data_form) VALUES ('geotherm_no_run',0xB11B,9,1,0,8,1);
INSERT INTO RCU_CMD_CONFIG (unit_id,cmd_data,begin_byte_pos,byte_len,begin_bit_pos,bit_len,data_form) VALUES ('geotherm_no_stop',0xB11B,10,1,0,8,1);
INSERT INTO RCU_CMD_CONFIG (unit_id,cmd_data,begin_byte_pos,byte_len,begin_bit_pos,bit_len,data_form) VALUES ('floorNo',0xB00B,2,1,0,8,1);
INSERT INTO RCU_CMD_CONFIG (unit_id,cmd_data,begin_byte_pos,byte_len,begin_bit_pos,bit_len,data_form) VALUES ('roomNo',0xB00B,3,1,0,8,1);
INSERT INTO RCU_CMD_CONFIG (unit_id,cmd_data,begin_byte_pos,byte_len,begin_bit_pos,bit_len,data_form) VALUES ('cmd1',0xB00B,4,1,0,8,0);
INSERT INTO RCU_CMD_CONFIG (unit_id,cmd_data,begin_byte_pos,byte_len,begin_bit_pos,bit_len,data_form) VALUES ('cmd2',0xB00B,5,1,0,8,0);
INSERT INTO RCU_CMD_CONFIG (unit_id,cmd_data,begin_byte_pos,byte_len,begin_bit_pos,bit_len,data_form) VALUES ('set_link',0xB00B,6,1,0,1,0);
INSERT INTO RCU_CMD_CONFIG (unit_id,cmd_data,begin_byte_pos,byte_len,begin_bit_pos,bit_len,data_form) VALUES ('floorNo',0xFFFF,2,1,0,8,1);
INSERT INTO RCU_CMD_CONFIG (unit_id,cmd_data,begin_byte_pos,byte_len,begin_bit_pos,bit_len,data_form) VALUES ('roomNo',0xFFFF,3,1,0,8,1);
INSERT INTO RCU_CMD_CONFIG (unit_id,cmd_data,begin_byte_pos,byte_len,begin_bit_pos,bit_len,data_form) VALUES ('cmd1',0xFFFF,4,1,0,8,0);
INSERT INTO RCU_CMD_CONFIG (unit_id,cmd_data,begin_byte_pos,byte_len,begin_bit_pos,bit_len,data_form) VALUES ('cmd2',0xFFFF,5,1,0,8,0);
INSERT INTO RCU_CMD_CONFIG (unit_id,cmd_data,begin_byte_pos,byte_len,begin_bit_pos,bit_len,data_form) VALUES ('offline_value1',0xFFFF,6,1,0,8,0);
INSERT INTO RCU_CMD_CONFIG (unit_id,cmd_data,begin_byte_pos,byte_len,begin_bit_pos,bit_len,data_form) VALUES ('offline_value2',0xFFFF,7,1,0,8,0);
INSERT INTO RCU_CMD_CONFIG (unit_id,cmd_data,begin_byte_pos,byte_len,begin_bit_pos,bit_len,data_form) VALUES ('offline_value3',0xFFFF,8,1,0,8,0);
INSERT INTO RCU_CMD_CONFIG (unit_id,cmd_data,begin_byte_pos,byte_len,begin_bit_pos,bit_len,data_form) VALUES ('offline_value4',0xFFFF,9,1,0,8,0);
INSERT INTO RCU_CMD_CONFIG (unit_id,cmd_data,begin_byte_pos,byte_len,begin_bit_pos,bit_len,data_form) VALUES ('offline_value5',0xFFFF,10,1,0,8,0);

/*发送时的配置*/
INSERT INTO RCU_CMD_CONFIG (unit_id,cmd_data,cmd_direct,begin_byte_pos,byte_len,begin_bit_pos,bit_len,data_form) VALUES ('cmd',0x0000,1,4,2,0,16,0);
INSERT INTO RCU_CMD_CONFIG (unit_id,cmd_data,cmd_direct,begin_byte_pos,byte_len,begin_bit_pos,bit_len,data_form) VALUES ('floorNo',0x8008,1,2,1,0,8,1);
INSERT INTO RCU_CMD_CONFIG (unit_id,cmd_data,cmd_direct,begin_byte_pos,byte_len,begin_bit_pos,bit_len,data_form) VALUES ('roomNo',0x8008,1,3,1,0,8,1);
INSERT INTO RCU_CMD_CONFIG (unit_id,cmd_data,cmd_direct,begin_byte_pos,byte_len,begin_bit_pos,bit_len,data_form) VALUES ('cmd1',0x8008,1,4,1,0,8,0);
INSERT INTO RCU_CMD_CONFIG (unit_id,cmd_data,cmd_direct,begin_byte_pos,byte_len,begin_bit_pos,bit_len,data_form) VALUES ('cmd2',0x8008,1,5,1,0,8,0);
INSERT INTO RCU_CMD_CONFIG (unit_id,cmd_data,cmd_direct,begin_byte_pos,byte_len,begin_bit_pos,bit_len,data_form) VALUES ('fresh_count',0x8008,1,6,1,0,8,0);
INSERT INTO RCU_CMD_CONFIG (unit_id,cmd_data,cmd_direct,begin_byte_pos,byte_len,begin_bit_pos,bit_len,data_form) VALUES ('floorNo',0xA11A,1,2,1,0,8,1);
INSERT INTO RCU_CMD_CONFIG (unit_id,cmd_data,cmd_direct,begin_byte_pos,byte_len,begin_bit_pos,bit_len,data_form) VALUES ('roomNo',0xA11A,1,3,1,0,8,1);
INSERT INTO RCU_CMD_CONFIG (unit_id,cmd_data,cmd_direct,begin_byte_pos,byte_len,begin_bit_pos,bit_len,data_form) VALUES ('cmd1',0xA11A,1,4,1,0,8,0);
INSERT INTO RCU_CMD_CONFIG (unit_id,cmd_data,cmd_direct,begin_byte_pos,byte_len,begin_bit_pos,bit_len,data_form) VALUES ('cmd2',0xA11A,1,5,1,0,8,0);
INSERT INTO RCU_CMD_CONFIG (unit_id,cmd_data,cmd_direct,begin_byte_pos,byte_len,begin_bit_pos,bit_len,data_form) VALUES ('card_delay',0xA11A,1,6,1,0,7,0);
INSERT INTO RCU_CMD_CONFIG (unit_id,cmd_data,cmd_direct,begin_byte_pos,byte_len,begin_bit_pos,bit_len,data_form) VALUES ('floorNo',0xA22A,1,2,1,0,8,1);
INSERT INTO RCU_CMD_CONFIG (unit_id,cmd_data,cmd_direct,begin_byte_pos,byte_len,begin_bit_pos,bit_len,data_form) VALUES ('roomNo',0xA22A,1,3,1,0,8,1);
INSERT INTO RCU_CMD_CONFIG (unit_id,cmd_data,cmd_direct,begin_byte_pos,byte_len,begin_bit_pos,bit_len,data_form) VALUES ('cmd1',0xA22A,1,4,1,0,8,0);
INSERT INTO RCU_CMD_CONFIG (unit_id,cmd_data,cmd_direct,begin_byte_pos,byte_len,begin_bit_pos,bit_len,data_form) VALUES ('cmd2',0xA22A,1,5,1,0,8,0);
INSERT INTO RCU_CMD_CONFIG (unit_id,cmd_data,cmd_direct,begin_byte_pos,byte_len,begin_bit_pos,bit_len,data_form) VALUES ('door_clock',0xA22A,1,6,1,0,7,0);
INSERT INTO RCU_CMD_CONFIG (unit_id,cmd_data,cmd_direct,begin_byte_pos,byte_len,begin_bit_pos,bit_len,data_form) VALUES ('floorNo',0xA44A,1,2,1,0,8,1);
INSERT INTO RCU_CMD_CONFIG (unit_id,cmd_data,cmd_direct,begin_byte_pos,byte_len,begin_bit_pos,bit_len,data_form) VALUES ('roomNo',0xA44A,1,3,1,0,8,1);
INSERT INTO RCU_CMD_CONFIG (unit_id,cmd_data,cmd_direct,begin_byte_pos,byte_len,begin_bit_pos,bit_len,data_form) VALUES ('cmd1',0xA44A,1,4,1,0,8,0);
INSERT INTO RCU_CMD_CONFIG (unit_id,cmd_data,cmd_direct,begin_byte_pos,byte_len,begin_bit_pos,bit_len,data_form) VALUES ('cmd2',0xA44A,1,5,1,0,8,0);
INSERT INTO RCU_CMD_CONFIG (unit_id,cmd_data,cmd_direct,begin_byte_pos,byte_len,begin_bit_pos,bit_len,data_form) VALUES ('light_state_8',0xA44A,1,6,1,7,1,0);
INSERT INTO RCU_CMD_CONFIG (unit_id,cmd_data,cmd_direct,begin_byte_pos,byte_len,begin_bit_pos,bit_len,data_form) VALUES ('light_state_7',0xA44A,1,6,1,6,1,0);
INSERT INTO RCU_CMD_CONFIG (unit_id,cmd_data,cmd_direct,begin_byte_pos,byte_len,begin_bit_pos,bit_len,data_form) VALUES ('light_state_6',0xA44A,1,6,1,5,1,0);
INSERT INTO RCU_CMD_CONFIG (unit_id,cmd_data,cmd_direct,begin_byte_pos,byte_len,begin_bit_pos,bit_len,data_form) VALUES ('light_state_5',0xA44A,1,6,1,4,1,0);
INSERT INTO RCU_CMD_CONFIG (unit_id,cmd_data,cmd_direct,begin_byte_pos,byte_len,begin_bit_pos,bit_len,data_form) VALUES ('light_state_4',0xA44A,1,6,1,3,1,0);
INSERT INTO RCU_CMD_CONFIG (unit_id,cmd_data,cmd_direct,begin_byte_pos,byte_len,begin_bit_pos,bit_len,data_form) VALUES ('light_state_3',0xA44A,1,6,1,2,1,0);
INSERT INTO RCU_CMD_CONFIG (unit_id,cmd_data,cmd_direct,begin_byte_pos,byte_len,begin_bit_pos,bit_len,data_form) VALUES ('light_state_2',0xA44A,1,6,1,1,1,0);
INSERT INTO RCU_CMD_CONFIG (unit_id,cmd_data,cmd_direct,begin_byte_pos,byte_len,begin_bit_pos,bit_len,data_form) VALUES ('light_state_1',0xA44A,1,6,1,0,1,0);
INSERT INTO RCU_CMD_CONFIG (unit_id,cmd_data,cmd_direct,begin_byte_pos,byte_len,begin_bit_pos,bit_len,data_form) VALUES ('light_state_16',0xA44A,1,7,1,7,1,0);
INSERT INTO RCU_CMD_CONFIG (unit_id,cmd_data,cmd_direct,begin_byte_pos,byte_len,begin_bit_pos,bit_len,data_form) VALUES ('light_state_15',0xA44A,1,7,1,6,1,0);
INSERT INTO RCU_CMD_CONFIG (unit_id,cmd_data,cmd_direct,begin_byte_pos,byte_len,begin_bit_pos,bit_len,data_form) VALUES ('light_state_14',0xA44A,1,7,1,5,1,0);
INSERT INTO RCU_CMD_CONFIG (unit_id,cmd_data,cmd_direct,begin_byte_pos,byte_len,begin_bit_pos,bit_len,data_form) VALUES ('light_state_13',0xA44A,1,7,1,4,1,0);
INSERT INTO RCU_CMD_CONFIG (unit_id,cmd_data,cmd_direct,begin_byte_pos,byte_len,begin_bit_pos,bit_len,data_form) VALUES ('light_state_12',0xA44A,1,7,1,3,1,0);
INSERT INTO RCU_CMD_CONFIG (unit_id,cmd_data,cmd_direct,begin_byte_pos,byte_len,begin_bit_pos,bit_len,data_form) VALUES ('light_state_11',0xA44A,1,7,1,2,1,0);
INSERT INTO RCU_CMD_CONFIG (unit_id,cmd_data,cmd_direct,begin_byte_pos,byte_len,begin_bit_pos,bit_len,data_form) VALUES ('light_state_10',0xA44A,1,7,1,1,1,0);
INSERT INTO RCU_CMD_CONFIG (unit_id,cmd_data,cmd_direct,begin_byte_pos,byte_len,begin_bit_pos,bit_len,data_form) VALUES ('light_state_9',0xA44A,1,7,1,0,1,0);
INSERT INTO RCU_CMD_CONFIG (unit_id,cmd_data,cmd_direct,begin_byte_pos,byte_len,begin_bit_pos,bit_len,data_form) VALUES ('light_state_24',0xA44A,1,8,1,7,1,0);
INSERT INTO RCU_CMD_CONFIG (unit_id,cmd_data,cmd_direct,begin_byte_pos,byte_len,begin_bit_pos,bit_len,data_form) VALUES ('light_state_23',0xA44A,1,8,1,6,1,0);
INSERT INTO RCU_CMD_CONFIG (unit_id,cmd_data,cmd_direct,begin_byte_pos,byte_len,begin_bit_pos,bit_len,data_form) VALUES ('light_state_22',0xA44A,1,8,1,5,1,0);
INSERT INTO RCU_CMD_CONFIG (unit_id,cmd_data,cmd_direct,begin_byte_pos,byte_len,begin_bit_pos,bit_len,data_form) VALUES ('light_state_21',0xA44A,1,8,1,4,1,0);
INSERT INTO RCU_CMD_CONFIG (unit_id,cmd_data,cmd_direct,begin_byte_pos,byte_len,begin_bit_pos,bit_len,data_form) VALUES ('light_state_20',0xA44A,1,8,1,3,1,0);
INSERT INTO RCU_CMD_CONFIG (unit_id,cmd_data,cmd_direct,begin_byte_pos,byte_len,begin_bit_pos,bit_len,data_form) VALUES ('light_state_19',0xA44A,1,8,1,2,1,0);
INSERT INTO RCU_CMD_CONFIG (unit_id,cmd_data,cmd_direct,begin_byte_pos,byte_len,begin_bit_pos,bit_len,data_form) VALUES ('light_state_18',0xA44A,1,8,1,1,1,0);
INSERT INTO RCU_CMD_CONFIG (unit_id,cmd_data,cmd_direct,begin_byte_pos,byte_len,begin_bit_pos,bit_len,data_form) VALUES ('light_state_17',0xA44A,1,8,1,0,1,0);
INSERT INTO RCU_CMD_CONFIG (unit_id,cmd_data,cmd_direct,begin_byte_pos,byte_len,begin_bit_pos,bit_len,data_form) VALUES ('light_state_32',0xA44A,1,9,1,7,1,0);
INSERT INTO RCU_CMD_CONFIG (unit_id,cmd_data,cmd_direct,begin_byte_pos,byte_len,begin_bit_pos,bit_len,data_form) VALUES ('light_state_31',0xA44A,1,9,1,6,1,0);
INSERT INTO RCU_CMD_CONFIG (unit_id,cmd_data,cmd_direct,begin_byte_pos,byte_len,begin_bit_pos,bit_len,data_form) VALUES ('light_state_30',0xA44A,1,9,1,5,1,0);
INSERT INTO RCU_CMD_CONFIG (unit_id,cmd_data,cmd_direct,begin_byte_pos,byte_len,begin_bit_pos,bit_len,data_form) VALUES ('light_state_29',0xA44A,1,9,1,4,1,0);
INSERT INTO RCU_CMD_CONFIG (unit_id,cmd_data,cmd_direct,begin_byte_pos,byte_len,begin_bit_pos,bit_len,data_form) VALUES ('light_state_28',0xA44A,1,9,1,3,1,0);
INSERT INTO RCU_CMD_CONFIG (unit_id,cmd_data,cmd_direct,begin_byte_pos,byte_len,begin_bit_pos,bit_len,data_form) VALUES ('light_state_27',0xA44A,1,9,1,2,1,0);
INSERT INTO RCU_CMD_CONFIG (unit_id,cmd_data,cmd_direct,begin_byte_pos,byte_len,begin_bit_pos,bit_len,data_form) VALUES ('light_state_26',0xA44A,1,9,1,1,1,0);
INSERT INTO RCU_CMD_CONFIG (unit_id,cmd_data,cmd_direct,begin_byte_pos,byte_len,begin_bit_pos,bit_len,data_form) VALUES ('light_state_25',0xA44A,1,9,1,0,1,0);
INSERT INTO RCU_CMD_CONFIG (unit_id,cmd_data,cmd_direct,begin_byte_pos,byte_len,begin_bit_pos,bit_len,data_form) VALUES ('floorNo',0xA55A,1,2,1,0,8,1);
INSERT INTO RCU_CMD_CONFIG (unit_id,cmd_data,cmd_direct,begin_byte_pos,byte_len,begin_bit_pos,bit_len,data_form) VALUES ('roomNo',0xA55A,1,3,1,0,8,1);
INSERT INTO RCU_CMD_CONFIG (unit_id,cmd_data,cmd_direct,begin_byte_pos,byte_len,begin_bit_pos,bit_len,data_form) VALUES ('cmd1',0xA55A,1,4,1,0,8,0);
INSERT INTO RCU_CMD_CONFIG (unit_id,cmd_data,cmd_direct,begin_byte_pos,byte_len,begin_bit_pos,bit_len,data_form) VALUES ('cmd2',0xA55A,1,5,1,0,8,0);
INSERT INTO RCU_CMD_CONFIG (unit_id,cmd_data,cmd_direct,begin_byte_pos,byte_len,begin_bit_pos,bit_len,data_form) VALUES ('air_temp_set',0xA55A,1,6,1,0,8,1);
INSERT INTO RCU_CMD_CONFIG (unit_id,cmd_data,cmd_direct,begin_byte_pos,byte_len,begin_bit_pos,bit_len,data_form) VALUES ('wind_level_set',0xA55A,1,7,1,0,8,0);
INSERT INTO RCU_CMD_CONFIG (unit_id,cmd_data,cmd_direct,begin_byte_pos,byte_len,begin_bit_pos,bit_len,data_form) VALUES ('temp_addr_set',0xA55A,1,10,1,0,8,0);
INSERT INTO RCU_CMD_CONFIG (unit_id,cmd_data,cmd_direct,begin_byte_pos,byte_len,begin_bit_pos,bit_len,data_form) VALUES ('floorNo',0xA66A,1,2,1,0,8,1);
INSERT INTO RCU_CMD_CONFIG (unit_id,cmd_data,cmd_direct,begin_byte_pos,byte_len,begin_bit_pos,bit_len,data_form) VALUES ('roomNo',0xA66A,1,3,1,0,8,1);
INSERT INTO RCU_CMD_CONFIG (unit_id,cmd_data,cmd_direct,begin_byte_pos,byte_len,begin_bit_pos,bit_len,data_form) VALUES ('cmd1',0xA66A,1,4,1,0,8,0);
INSERT INTO RCU_CMD_CONFIG (unit_id,cmd_data,cmd_direct,begin_byte_pos,byte_len,begin_bit_pos,bit_len,data_form) VALUES ('cmd2',0xA66A,1,5,1,0,8,0);
INSERT INTO RCU_CMD_CONFIG (unit_id,cmd_data,cmd_direct,begin_byte_pos,byte_len,begin_bit_pos,bit_len,data_form) VALUES ('temp_ctrl_up',0xA66A,1,6,1,0,8,1);
INSERT INTO RCU_CMD_CONFIG (unit_id,cmd_data,cmd_direct,begin_byte_pos,byte_len,begin_bit_pos,bit_len,data_form) VALUES ('temp_ctrl_dn',0xA66A,1,7,1,0,8,1);
INSERT INTO RCU_CMD_CONFIG (unit_id,cmd_data,cmd_direct,begin_byte_pos,byte_len,begin_bit_pos,bit_len,data_form) VALUES ('temp_hold_up',0xA66A,1,8,1,0,8,1);
INSERT INTO RCU_CMD_CONFIG (unit_id,cmd_data,cmd_direct,begin_byte_pos,byte_len,begin_bit_pos,bit_len,data_form) VALUES ('temp_hold_dn',0xA66A,1,9,1,0,8,1);
INSERT INTO RCU_CMD_CONFIG (unit_id,cmd_data,cmd_direct,begin_byte_pos,byte_len,begin_bit_pos,bit_len,data_form) VALUES ('temp_addr_set',0xA66A,1,10,1,0,8,0);
INSERT INTO RCU_CMD_CONFIG (unit_id,cmd_data,cmd_direct,begin_byte_pos,byte_len,begin_bit_pos,bit_len,data_form) VALUES ('floorNo',0xA77A,1,2,1,0,8,1);
INSERT INTO RCU_CMD_CONFIG (unit_id,cmd_data,cmd_direct,begin_byte_pos,byte_len,begin_bit_pos,bit_len,data_form) VALUES ('roomNo',0xA77A,1,3,1,0,8,1);
INSERT INTO RCU_CMD_CONFIG (unit_id,cmd_data,cmd_direct,begin_byte_pos,byte_len,begin_bit_pos,bit_len,data_form) VALUES ('cmd1',0xA77A,1,4,1,0,8,0);
INSERT INTO RCU_CMD_CONFIG (unit_id,cmd_data,cmd_direct,begin_byte_pos,byte_len,begin_bit_pos,bit_len,data_form) VALUES ('cmd2',0xA77A,1,5,1,0,8,0);
INSERT INTO RCU_CMD_CONFIG (unit_id,cmd_data,cmd_direct,begin_byte_pos,byte_len,begin_bit_pos,bit_len,data_form) VALUES ('ctrl_mode',0xA77A,1,6,1,0,2,0);
INSERT INTO RCU_CMD_CONFIG (unit_id,cmd_data,cmd_direct,begin_byte_pos,byte_len,begin_bit_pos,bit_len,data_form) VALUES ('season_mode',0xA77A,1,7,1,0,3,0);
INSERT INTO RCU_CMD_CONFIG (unit_id,cmd_data,cmd_direct,begin_byte_pos,byte_len,begin_bit_pos,bit_len,data_form) VALUES ('floorNo',0xA88A,1,2,1,0,8,1);
INSERT INTO RCU_CMD_CONFIG (unit_id,cmd_data,cmd_direct,begin_byte_pos,byte_len,begin_bit_pos,bit_len,data_form) VALUES ('roomNo',0xA88A,1,3,1,0,8,1);
INSERT INTO RCU_CMD_CONFIG (unit_id,cmd_data,cmd_direct,begin_byte_pos,byte_len,begin_bit_pos,bit_len,data_form) VALUES ('cmd1',0xA88A,1,4,1,0,8,0);
INSERT INTO RCU_CMD_CONFIG (unit_id,cmd_data,cmd_direct,begin_byte_pos,byte_len,begin_bit_pos,bit_len,data_form) VALUES ('cmd2',0xA88A,1,5,1,0,8,0);
INSERT INTO RCU_CMD_CONFIG (unit_id,cmd_data,cmd_direct,begin_byte_pos,byte_len,begin_bit_pos,bit_len,data_form) VALUES ('in_setting_temp',0xA88A,1,6,1,0,8,1);
INSERT INTO RCU_CMD_CONFIG (unit_id,cmd_data,cmd_direct,begin_byte_pos,byte_len,begin_bit_pos,bit_len,data_form) VALUES ('in_wind_level',0xA88A,1,7,1,0,8,0);
INSERT INTO RCU_CMD_CONFIG (unit_id,cmd_data,cmd_direct,begin_byte_pos,byte_len,begin_bit_pos,bit_len,data_form) VALUES ('in_welcome_level',0xA88A,1,8,1,0,8,0);
INSERT INTO RCU_CMD_CONFIG (unit_id,cmd_data,cmd_direct,begin_byte_pos,byte_len,begin_bit_pos,bit_len,data_form) VALUES ('floorNo',0xA99A,1,2,1,0,8,1);
INSERT INTO RCU_CMD_CONFIG (unit_id,cmd_data,cmd_direct,begin_byte_pos,byte_len,begin_bit_pos,bit_len,data_form) VALUES ('roomNo',0xA99A,1,3,1,0,8,1);
INSERT INTO RCU_CMD_CONFIG (unit_id,cmd_data,cmd_direct,begin_byte_pos,byte_len,begin_bit_pos,bit_len,data_form) VALUES ('cmd1',0xA99A,1,4,1,0,8,0);
INSERT INTO RCU_CMD_CONFIG (unit_id,cmd_data,cmd_direct,begin_byte_pos,byte_len,begin_bit_pos,bit_len,data_form) VALUES ('cmd2',0xA99A,1,5,1,0,8,0);
INSERT INTO RCU_CMD_CONFIG (unit_id,cmd_data,cmd_direct,begin_byte_pos,byte_len,begin_bit_pos,bit_len,data_form) VALUES ('light_day_8',0xA99A,1,6,1,7,1,0);
INSERT INTO RCU_CMD_CONFIG (unit_id,cmd_data,cmd_direct,begin_byte_pos,byte_len,begin_bit_pos,bit_len,data_form) VALUES ('light_day_7',0xA99A,1,6,1,6,1,0);
INSERT INTO RCU_CMD_CONFIG (unit_id,cmd_data,cmd_direct,begin_byte_pos,byte_len,begin_bit_pos,bit_len,data_form) VALUES ('light_day_6',0xA99A,1,6,1,5,1,0);
INSERT INTO RCU_CMD_CONFIG (unit_id,cmd_data,cmd_direct,begin_byte_pos,byte_len,begin_bit_pos,bit_len,data_form) VALUES ('light_day_5',0xA99A,1,6,1,4,1,0);
INSERT INTO RCU_CMD_CONFIG (unit_id,cmd_data,cmd_direct,begin_byte_pos,byte_len,begin_bit_pos,bit_len,data_form) VALUES ('light_day_4',0xA99A,1,6,1,3,1,0);
INSERT INTO RCU_CMD_CONFIG (unit_id,cmd_data,cmd_direct,begin_byte_pos,byte_len,begin_bit_pos,bit_len,data_form) VALUES ('light_day_3',0xA99A,1,6,1,2,1,0);
INSERT INTO RCU_CMD_CONFIG (unit_id,cmd_data,cmd_direct,begin_byte_pos,byte_len,begin_bit_pos,bit_len,data_form) VALUES ('light_day_2',0xA99A,1,6,1,1,1,0);
INSERT INTO RCU_CMD_CONFIG (unit_id,cmd_data,cmd_direct,begin_byte_pos,byte_len,begin_bit_pos,bit_len,data_form) VALUES ('light_day_1',0xA99A,1,6,1,0,1,0);
INSERT INTO RCU_CMD_CONFIG (unit_id,cmd_data,cmd_direct,begin_byte_pos,byte_len,begin_bit_pos,bit_len,data_form) VALUES ('light_day_16',0xA99A,1,7,1,7,1,0);
INSERT INTO RCU_CMD_CONFIG (unit_id,cmd_data,cmd_direct,begin_byte_pos,byte_len,begin_bit_pos,bit_len,data_form) VALUES ('light_day_15',0xA99A,1,7,1,6,1,0);
INSERT INTO RCU_CMD_CONFIG (unit_id,cmd_data,cmd_direct,begin_byte_pos,byte_len,begin_bit_pos,bit_len,data_form) VALUES ('light_day_14',0xA99A,1,7,1,5,1,0);
INSERT INTO RCU_CMD_CONFIG (unit_id,cmd_data,cmd_direct,begin_byte_pos,byte_len,begin_bit_pos,bit_len,data_form) VALUES ('light_day_13',0xA99A,1,7,1,4,1,0);
INSERT INTO RCU_CMD_CONFIG (unit_id,cmd_data,cmd_direct,begin_byte_pos,byte_len,begin_bit_pos,bit_len,data_form) VALUES ('light_day_12',0xA99A,1,7,1,3,1,0);
INSERT INTO RCU_CMD_CONFIG (unit_id,cmd_data,cmd_direct,begin_byte_pos,byte_len,begin_bit_pos,bit_len,data_form) VALUES ('light_day_11',0xA99A,1,7,1,2,1,0);
INSERT INTO RCU_CMD_CONFIG (unit_id,cmd_data,cmd_direct,begin_byte_pos,byte_len,begin_bit_pos,bit_len,data_form) VALUES ('light_day_10',0xA99A,1,7,1,1,1,0);
INSERT INTO RCU_CMD_CONFIG (unit_id,cmd_data,cmd_direct,begin_byte_pos,byte_len,begin_bit_pos,bit_len,data_form) VALUES ('light_day_9',0xA99A,1,7,1,0,1,0);
INSERT INTO RCU_CMD_CONFIG (unit_id,cmd_data,cmd_direct,begin_byte_pos,byte_len,begin_bit_pos,bit_len,data_form) VALUES ('light_day_24',0xA99A,1,8,1,7,1,0);
INSERT INTO RCU_CMD_CONFIG (unit_id,cmd_data,cmd_direct,begin_byte_pos,byte_len,begin_bit_pos,bit_len,data_form) VALUES ('light_day_23',0xA99A,1,8,1,6,1,0);
INSERT INTO RCU_CMD_CONFIG (unit_id,cmd_data,cmd_direct,begin_byte_pos,byte_len,begin_bit_pos,bit_len,data_form) VALUES ('light_day_22',0xA99A,1,8,1,5,1,0);
INSERT INTO RCU_CMD_CONFIG (unit_id,cmd_data,cmd_direct,begin_byte_pos,byte_len,begin_bit_pos,bit_len,data_form) VALUES ('light_day_21',0xA99A,1,8,1,4,1,0);
INSERT INTO RCU_CMD_CONFIG (unit_id,cmd_data,cmd_direct,begin_byte_pos,byte_len,begin_bit_pos,bit_len,data_form) VALUES ('light_day_20',0xA99A,1,8,1,3,1,0);
INSERT INTO RCU_CMD_CONFIG (unit_id,cmd_data,cmd_direct,begin_byte_pos,byte_len,begin_bit_pos,bit_len,data_form) VALUES ('light_day_19',0xA99A,1,8,1,2,1,0);
INSERT INTO RCU_CMD_CONFIG (unit_id,cmd_data,cmd_direct,begin_byte_pos,byte_len,begin_bit_pos,bit_len,data_form) VALUES ('light_day_18',0xA99A,1,8,1,1,1,0);
INSERT INTO RCU_CMD_CONFIG (unit_id,cmd_data,cmd_direct,begin_byte_pos,byte_len,begin_bit_pos,bit_len,data_form) VALUES ('light_day_17',0xA99A,1,8,1,0,1,0);
INSERT INTO RCU_CMD_CONFIG (unit_id,cmd_data,cmd_direct,begin_byte_pos,byte_len,begin_bit_pos,bit_len,data_form) VALUES ('light_day_32',0xA99A,1,9,1,7,1,0);
INSERT INTO RCU_CMD_CONFIG (unit_id,cmd_data,cmd_direct,begin_byte_pos,byte_len,begin_bit_pos,bit_len,data_form) VALUES ('light_day_31',0xA99A,1,9,1,6,1,0);
INSERT INTO RCU_CMD_CONFIG (unit_id,cmd_data,cmd_direct,begin_byte_pos,byte_len,begin_bit_pos,bit_len,data_form) VALUES ('light_day_30',0xA99A,1,9,1,5,1,0);
INSERT INTO RCU_CMD_CONFIG (unit_id,cmd_data,cmd_direct,begin_byte_pos,byte_len,begin_bit_pos,bit_len,data_form) VALUES ('light_day_29',0xA99A,1,9,1,4,1,0);
INSERT INTO RCU_CMD_CONFIG (unit_id,cmd_data,cmd_direct,begin_byte_pos,byte_len,begin_bit_pos,bit_len,data_form) VALUES ('light_day_28',0xA99A,1,9,1,3,1,0);
INSERT INTO RCU_CMD_CONFIG (unit_id,cmd_data,cmd_direct,begin_byte_pos,byte_len,begin_bit_pos,bit_len,data_form) VALUES ('light_day_27',0xA99A,1,9,1,2,1,0);
INSERT INTO RCU_CMD_CONFIG (unit_id,cmd_data,cmd_direct,begin_byte_pos,byte_len,begin_bit_pos,bit_len,data_form) VALUES ('light_day_26',0xA99A,1,9,1,1,1,0);
INSERT INTO RCU_CMD_CONFIG (unit_id,cmd_data,cmd_direct,begin_byte_pos,byte_len,begin_bit_pos,bit_len,data_form) VALUES ('light_day_25',0xA99A,1,9,1,0,1,0);
INSERT INTO RCU_CMD_CONFIG (unit_id,cmd_data,cmd_direct,begin_byte_pos,byte_len,begin_bit_pos,bit_len,data_form) VALUES ('floorNo',0xA00A,1,2,1,0,8,1);
INSERT INTO RCU_CMD_CONFIG (unit_id,cmd_data,cmd_direct,begin_byte_pos,byte_len,begin_bit_pos,bit_len,data_form) VALUES ('roomNo',0xA00A,1,3,1,0,8,1);
INSERT INTO RCU_CMD_CONFIG (unit_id,cmd_data,cmd_direct,begin_byte_pos,byte_len,begin_bit_pos,bit_len,data_form) VALUES ('cmd1',0xA00A,1,4,1,0,8,0);
INSERT INTO RCU_CMD_CONFIG (unit_id,cmd_data,cmd_direct,begin_byte_pos,byte_len,begin_bit_pos,bit_len,data_form) VALUES ('cmd2',0xA00A,1,5,1,0,8,0);
INSERT INTO RCU_CMD_CONFIG (unit_id,cmd_data,cmd_direct,begin_byte_pos,byte_len,begin_bit_pos,bit_len,data_form) VALUES ('light_night_8',0xA00A,1,6,1,7,1,0);
INSERT INTO RCU_CMD_CONFIG (unit_id,cmd_data,cmd_direct,begin_byte_pos,byte_len,begin_bit_pos,bit_len,data_form) VALUES ('light_night_7',0xA00A,1,6,1,6,1,0);
INSERT INTO RCU_CMD_CONFIG (unit_id,cmd_data,cmd_direct,begin_byte_pos,byte_len,begin_bit_pos,bit_len,data_form) VALUES ('light_night_6',0xA00A,1,6,1,5,1,0);
INSERT INTO RCU_CMD_CONFIG (unit_id,cmd_data,cmd_direct,begin_byte_pos,byte_len,begin_bit_pos,bit_len,data_form) VALUES ('light_night_5',0xA00A,1,6,1,4,1,0);
INSERT INTO RCU_CMD_CONFIG (unit_id,cmd_data,cmd_direct,begin_byte_pos,byte_len,begin_bit_pos,bit_len,data_form) VALUES ('light_night_4',0xA00A,1,6,1,3,1,0);
INSERT INTO RCU_CMD_CONFIG (unit_id,cmd_data,cmd_direct,begin_byte_pos,byte_len,begin_bit_pos,bit_len,data_form) VALUES ('light_night_3',0xA00A,1,6,1,2,1,0);
INSERT INTO RCU_CMD_CONFIG (unit_id,cmd_data,cmd_direct,begin_byte_pos,byte_len,begin_bit_pos,bit_len,data_form) VALUES ('light_night_2',0xA00A,1,6,1,1,1,0);
INSERT INTO RCU_CMD_CONFIG (unit_id,cmd_data,cmd_direct,begin_byte_pos,byte_len,begin_bit_pos,bit_len,data_form) VALUES ('light_night_1',0xA00A,1,6,1,0,1,0);
INSERT INTO RCU_CMD_CONFIG (unit_id,cmd_data,cmd_direct,begin_byte_pos,byte_len,begin_bit_pos,bit_len,data_form) VALUES ('light_night_16',0xA00A,1,7,1,7,1,0);
INSERT INTO RCU_CMD_CONFIG (unit_id,cmd_data,cmd_direct,begin_byte_pos,byte_len,begin_bit_pos,bit_len,data_form) VALUES ('light_night_15',0xA00A,1,7,1,6,1,0);
INSERT INTO RCU_CMD_CONFIG (unit_id,cmd_data,cmd_direct,begin_byte_pos,byte_len,begin_bit_pos,bit_len,data_form) VALUES ('light_night_14',0xA00A,1,7,1,5,1,0);
INSERT INTO RCU_CMD_CONFIG (unit_id,cmd_data,cmd_direct,begin_byte_pos,byte_len,begin_bit_pos,bit_len,data_form) VALUES ('light_night_13',0xA00A,1,7,1,4,1,0);
INSERT INTO RCU_CMD_CONFIG (unit_id,cmd_data,cmd_direct,begin_byte_pos,byte_len,begin_bit_pos,bit_len,data_form) VALUES ('light_night_12',0xA00A,1,7,1,3,1,0);
INSERT INTO RCU_CMD_CONFIG (unit_id,cmd_data,cmd_direct,begin_byte_pos,byte_len,begin_bit_pos,bit_len,data_form) VALUES ('light_night_11',0xA00A,1,7,1,2,1,0);
INSERT INTO RCU_CMD_CONFIG (unit_id,cmd_data,cmd_direct,begin_byte_pos,byte_len,begin_bit_pos,bit_len,data_form) VALUES ('light_night_10',0xA00A,1,7,1,1,1,0);
INSERT INTO RCU_CMD_CONFIG (unit_id,cmd_data,cmd_direct,begin_byte_pos,byte_len,begin_bit_pos,bit_len,data_form) VALUES ('light_night_9',0xA00A,1,7,1,0,1,0);
INSERT INTO RCU_CMD_CONFIG (unit_id,cmd_data,cmd_direct,begin_byte_pos,byte_len,begin_bit_pos,bit_len,data_form) VALUES ('light_night_24',0xA00A,1,8,1,7,1,0);
INSERT INTO RCU_CMD_CONFIG (unit_id,cmd_data,cmd_direct,begin_byte_pos,byte_len,begin_bit_pos,bit_len,data_form) VALUES ('light_night_23',0xA00A,1,8,1,6,1,0);
INSERT INTO RCU_CMD_CONFIG (unit_id,cmd_data,cmd_direct,begin_byte_pos,byte_len,begin_bit_pos,bit_len,data_form) VALUES ('light_night_22',0xA00A,1,8,1,5,1,0);
INSERT INTO RCU_CMD_CONFIG (unit_id,cmd_data,cmd_direct,begin_byte_pos,byte_len,begin_bit_pos,bit_len,data_form) VALUES ('light_night_21',0xA00A,1,8,1,4,1,0);
INSERT INTO RCU_CMD_CONFIG (unit_id,cmd_data,cmd_direct,begin_byte_pos,byte_len,begin_bit_pos,bit_len,data_form) VALUES ('light_night_20',0xA00A,1,8,1,3,1,0);
INSERT INTO RCU_CMD_CONFIG (unit_id,cmd_data,cmd_direct,begin_byte_pos,byte_len,begin_bit_pos,bit_len,data_form) VALUES ('light_night_19',0xA00A,1,8,1,2,1,0);
INSERT INTO RCU_CMD_CONFIG (unit_id,cmd_data,cmd_direct,begin_byte_pos,byte_len,begin_bit_pos,bit_len,data_form) VALUES ('light_night_18',0xA00A,1,8,1,1,1,0);
INSERT INTO RCU_CMD_CONFIG (unit_id,cmd_data,cmd_direct,begin_byte_pos,byte_len,begin_bit_pos,bit_len,data_form) VALUES ('light_night_17',0xA00A,1,8,1,0,1,0);
INSERT INTO RCU_CMD_CONFIG (unit_id,cmd_data,cmd_direct,begin_byte_pos,byte_len,begin_bit_pos,bit_len,data_form) VALUES ('light_night_32',0xA00A,1,9,1,7,1,0);
INSERT INTO RCU_CMD_CONFIG (unit_id,cmd_data,cmd_direct,begin_byte_pos,byte_len,begin_bit_pos,bit_len,data_form) VALUES ('light_night_31',0xA00A,1,9,1,6,1,0);
INSERT INTO RCU_CMD_CONFIG (unit_id,cmd_data,cmd_direct,begin_byte_pos,byte_len,begin_bit_pos,bit_len,data_form) VALUES ('light_night_30',0xA00A,1,9,1,5,1,0);
INSERT INTO RCU_CMD_CONFIG (unit_id,cmd_data,cmd_direct,begin_byte_pos,byte_len,begin_bit_pos,bit_len,data_form) VALUES ('light_night_29',0xA00A,1,9,1,4,1,0);
INSERT INTO RCU_CMD_CONFIG (unit_id,cmd_data,cmd_direct,begin_byte_pos,byte_len,begin_bit_pos,bit_len,data_form) VALUES ('light_night_28',0xA00A,1,9,1,3,1,0);
INSERT INTO RCU_CMD_CONFIG (unit_id,cmd_data,cmd_direct,begin_byte_pos,byte_len,begin_bit_pos,bit_len,data_form) VALUES ('light_night_27',0xA00A,1,9,1,2,1,0);
INSERT INTO RCU_CMD_CONFIG (unit_id,cmd_data,cmd_direct,begin_byte_pos,byte_len,begin_bit_pos,bit_len,data_form) VALUES ('light_night_26',0xA00A,1,9,1,1,1,0);
INSERT INTO RCU_CMD_CONFIG (unit_id,cmd_data,cmd_direct,begin_byte_pos,byte_len,begin_bit_pos,bit_len,data_form) VALUES ('light_night_25',0xA00A,1,9,1,0,1,0);
INSERT INTO RCU_CMD_CONFIG (unit_id,cmd_data,cmd_direct,begin_byte_pos,byte_len,begin_bit_pos,bit_len,data_form) VALUES ('floorNo',0xABBA,1,2,1,0,8,1);
INSERT INTO RCU_CMD_CONFIG (unit_id,cmd_data,cmd_direct,begin_byte_pos,byte_len,begin_bit_pos,bit_len,data_form) VALUES ('roomNo',0xABBA,1,3,1,0,8,1);
INSERT INTO RCU_CMD_CONFIG (unit_id,cmd_data,cmd_direct,begin_byte_pos,byte_len,begin_bit_pos,bit_len,data_form) VALUES ('cmd1',0xABBA,1,4,1,0,8,0);
INSERT INTO RCU_CMD_CONFIG (unit_id,cmd_data,cmd_direct,begin_byte_pos,byte_len,begin_bit_pos,bit_len,data_form) VALUES ('cmd2',0xABBA,1,5,1,0,8,0);
INSERT INTO RCU_CMD_CONFIG (unit_id,cmd_data,cmd_direct,begin_byte_pos,byte_len,begin_bit_pos,bit_len,data_form) VALUES ('run_time',0xABBA,1,6,1,0,8,0);
INSERT INTO RCU_CMD_CONFIG (unit_id,cmd_data,cmd_direct,begin_byte_pos,byte_len,begin_bit_pos,bit_len,data_form) VALUES ('stop_time',0xABBA,1,7,1,0,8,0);
INSERT INTO RCU_CMD_CONFIG (unit_id,cmd_data,cmd_direct,begin_byte_pos,byte_len,begin_bit_pos,bit_len,data_form) VALUES ('set_wind_level',0xABBA,1,8,1,0,3,0);
INSERT INTO RCU_CMD_CONFIG (unit_id,cmd_data,cmd_direct,begin_byte_pos,byte_len,begin_bit_pos,bit_len,data_form) VALUES ('temp_addr_set',0xABBA,1,10,1,0,8,0);
INSERT INTO RCU_CMD_CONFIG (unit_id,cmd_data,cmd_direct,begin_byte_pos,byte_len,begin_bit_pos,bit_len,data_form) VALUES ('floorNo',0xACCA,1,2,1,0,8,1);
INSERT INTO RCU_CMD_CONFIG (unit_id,cmd_data,cmd_direct,begin_byte_pos,byte_len,begin_bit_pos,bit_len,data_form) VALUES ('roomNo',0xACCA,1,3,1,0,8,1);
INSERT INTO RCU_CMD_CONFIG (unit_id,cmd_data,cmd_direct,begin_byte_pos,byte_len,begin_bit_pos,bit_len,data_form) VALUES ('cmd1',0xACCA,1,4,1,0,8,0);
INSERT INTO RCU_CMD_CONFIG (unit_id,cmd_data,cmd_direct,begin_byte_pos,byte_len,begin_bit_pos,bit_len,data_form) VALUES ('cmd2',0xACCA,1,5,1,0,8,0);
INSERT INTO RCU_CMD_CONFIG (unit_id,cmd_data,cmd_direct,begin_byte_pos,byte_len,begin_bit_pos,bit_len,data_form) VALUES ('temp_comp',0xACCA,1,6,1,0,8,0);
INSERT INTO RCU_CMD_CONFIG (unit_id,cmd_data,cmd_direct,begin_byte_pos,byte_len,begin_bit_pos,bit_len,data_form) VALUES ('temp_addr_set',0xACCA,1,10,1,0,8,0);
INSERT INTO RCU_CMD_CONFIG (unit_id,cmd_data,cmd_direct,begin_byte_pos,byte_len,begin_bit_pos,bit_len,data_form) VALUES ('floorNo',0xB11B,1,2,1,0,8,1);
INSERT INTO RCU_CMD_CONFIG (unit_id,cmd_data,cmd_direct,begin_byte_pos,byte_len,begin_bit_pos,bit_len,data_form) VALUES ('roomNo',0xB11B,1,3,1,0,8,1);
INSERT INTO RCU_CMD_CONFIG (unit_id,cmd_data,cmd_direct,begin_byte_pos,byte_len,begin_bit_pos,bit_len,data_form) VALUES ('cmd1',0xB11B,1,4,1,0,8,0);
INSERT INTO RCU_CMD_CONFIG (unit_id,cmd_data,cmd_direct,begin_byte_pos,byte_len,begin_bit_pos,bit_len,data_form) VALUES ('cmd2',0xB11B,1,5,1,0,8,0);
INSERT INTO RCU_CMD_CONFIG (unit_id,cmd_data,cmd_direct,begin_byte_pos,byte_len,begin_bit_pos,bit_len,data_form) VALUES ('geotherm_flag_state',0xB11B,1,6,1,0,8,0);
INSERT INTO RCU_CMD_CONFIG (unit_id,cmd_data,cmd_direct,begin_byte_pos,byte_len,begin_bit_pos,bit_len,data_form) VALUES ('geotherm_yes_run',0xB11B,1,7,1,0,8,1);
INSERT INTO RCU_CMD_CONFIG (unit_id,cmd_data,cmd_direct,begin_byte_pos,byte_len,begin_bit_pos,bit_len,data_form) VALUES ('geotherm_yes_stop',0xB11B,1,8,1,0,8,1);
INSERT INTO RCU_CMD_CONFIG (unit_id,cmd_data,cmd_direct,begin_byte_pos,byte_len,begin_bit_pos,bit_len,data_form) VALUES ('geotherm_no_run',0xB11B,1,9,1,0,8,1);
INSERT INTO RCU_CMD_CONFIG (unit_id,cmd_data,cmd_direct,begin_byte_pos,byte_len,begin_bit_pos,bit_len,data_form) VALUES ('geotherm_no_stop',0xB11B,1,10,1,0,8,1);
INSERT INTO RCU_CMD_CONFIG (unit_id,cmd_data,cmd_direct,begin_byte_pos,byte_len,begin_bit_pos,bit_len,data_form) VALUES ('floorNo',0xB00B,1,2,1,0,8,1);
INSERT INTO RCU_CMD_CONFIG (unit_id,cmd_data,cmd_direct,begin_byte_pos,byte_len,begin_bit_pos,bit_len,data_form) VALUES ('roomNo',0xB00B,1,3,1,0,8,1);
INSERT INTO RCU_CMD_CONFIG (unit_id,cmd_data,cmd_direct,begin_byte_pos,byte_len,begin_bit_pos,bit_len,data_form) VALUES ('cmd1',0xB00B,1,4,1,0,8,0);
INSERT INTO RCU_CMD_CONFIG (unit_id,cmd_data,cmd_direct,begin_byte_pos,byte_len,begin_bit_pos,bit_len,data_form) VALUES ('cmd2',0xB00B,1,5,1,0,8,0);
INSERT INTO RCU_CMD_CONFIG (unit_id,cmd_data,cmd_direct,begin_byte_pos,byte_len,begin_bit_pos,bit_len,data_form) VALUES ('set_link',0xB00B,1,6,1,0,1,0);
INSERT INTO RCU_CMD_CONFIG (unit_id,cmd_data,cmd_direct,begin_byte_pos,byte_len,begin_bit_pos,bit_len,data_form) VALUES ('floorNo',0xFFFF,1,2,1,0,8,1);
INSERT INTO RCU_CMD_CONFIG (unit_id,cmd_data,cmd_direct,begin_byte_pos,byte_len,begin_bit_pos,bit_len,data_form) VALUES ('roomNo',0xFFFF,1,3,1,0,8,1);
INSERT INTO RCU_CMD_CONFIG (unit_id,cmd_data,cmd_direct,begin_byte_pos,byte_len,begin_bit_pos,bit_len,data_form) VALUES ('cmd1',0xFFFF,1,4,1,0,8,0);
INSERT INTO RCU_CMD_CONFIG (unit_id,cmd_data,cmd_direct,begin_byte_pos,byte_len,begin_bit_pos,bit_len,data_form) VALUES ('cmd2',0xFFFF,1,5,1,0,8,0);
INSERT INTO RCU_CMD_CONFIG (unit_id,cmd_data,cmd_direct,begin_byte_pos,byte_len,begin_bit_pos,bit_len,data_form) VALUES ('offline_value1',0xFFFF,1,6,1,0,8,0);
INSERT INTO RCU_CMD_CONFIG (unit_id,cmd_data,cmd_direct,begin_byte_pos,byte_len,begin_bit_pos,bit_len,data_form) VALUES ('offline_value2',0xFFFF,1,7,1,0,8,0);
INSERT INTO RCU_CMD_CONFIG (unit_id,cmd_data,cmd_direct,begin_byte_pos,byte_len,begin_bit_pos,bit_len,data_form) VALUES ('offline_value3',0xFFFF,1,8,1,0,8,0);
INSERT INTO RCU_CMD_CONFIG (unit_id,cmd_data,cmd_direct,begin_byte_pos,byte_len,begin_bit_pos,bit_len,data_form) VALUES ('offline_value4',0xFFFF,1,9,1,0,8,0);
INSERT INTO RCU_CMD_CONFIG (unit_id,cmd_data,cmd_direct,begin_byte_pos,byte_len,begin_bit_pos,bit_len,data_form) VALUES ('offline_value5',0xFFFF,1,10,1,0,8,0);

INSERT INTO RCU_CMD_CONTENT (cmd_name,cmd_item) VALUES('cmd_poll','fresh_count');
INSERT INTO RCU_CMD_CONTENT (cmd_name,cmd_item,cmd_pos) VALUES('cmd_card_delay','card_delay',0);
INSERT INTO RCU_CMD_CONTENT (cmd_name,cmd_item,cmd_pos) VALUES('cmd_door_clock','door_clock',1);
INSERT INTO RCU_CMD_CONTENT (cmd_name,cmd_item,cmd_pos) VALUES('cmd_light_ctrl','light_state_1',0);
INSERT INTO RCU_CMD_CONTENT (cmd_name,cmd_item,cmd_pos) VALUES('cmd_light_ctrl','light_state_2',1);
INSERT INTO RCU_CMD_CONTENT (cmd_name,cmd_item,cmd_pos) VALUES('cmd_light_ctrl','light_state_3',2);
INSERT INTO RCU_CMD_CONTENT (cmd_name,cmd_item,cmd_pos) VALUES('cmd_light_ctrl','light_state_4',3);
INSERT INTO RCU_CMD_CONTENT (cmd_name,cmd_item,cmd_pos) VALUES('cmd_light_ctrl','light_state_5',4);
INSERT INTO RCU_CMD_CONTENT (cmd_name,cmd_item,cmd_pos) VALUES('cmd_light_ctrl','light_state_6',5);
INSERT INTO RCU_CMD_CONTENT (cmd_name,cmd_item,cmd_pos) VALUES('cmd_light_ctrl','light_state_7',6);
INSERT INTO RCU_CMD_CONTENT (cmd_name,cmd_item,cmd_pos) VALUES('cmd_light_ctrl','light_state_8',7);
INSERT INTO RCU_CMD_CONTENT (cmd_name,cmd_item,cmd_pos) VALUES('cmd_light_ctrl','light_state_9',8);
INSERT INTO RCU_CMD_CONTENT (cmd_name,cmd_item,cmd_pos) VALUES('cmd_light_ctrl','light_state_10',9);
INSERT INTO RCU_CMD_CONTENT (cmd_name,cmd_item,cmd_pos) VALUES('cmd_light_ctrl','light_state_11',10);
INSERT INTO RCU_CMD_CONTENT (cmd_name,cmd_item,cmd_pos) VALUES('cmd_light_ctrl','light_state_12',11);
INSERT INTO RCU_CMD_CONTENT (cmd_name,cmd_item,cmd_pos) VALUES('cmd_light_ctrl','light_state_13',12);
INSERT INTO RCU_CMD_CONTENT (cmd_name,cmd_item,cmd_pos) VALUES('cmd_light_ctrl','light_state_14',13);
INSERT INTO RCU_CMD_CONTENT (cmd_name,cmd_item,cmd_pos) VALUES('cmd_light_ctrl','light_state_15',14);
INSERT INTO RCU_CMD_CONTENT (cmd_name,cmd_item,cmd_pos) VALUES('cmd_light_ctrl','light_state_16',15);
INSERT INTO RCU_CMD_CONTENT (cmd_name,cmd_item,cmd_pos) VALUES('cmd_light_ctrl','light_state_17',16);
INSERT INTO RCU_CMD_CONTENT (cmd_name,cmd_item,cmd_pos) VALUES('cmd_light_ctrl','light_state_18',17);
INSERT INTO RCU_CMD_CONTENT (cmd_name,cmd_item,cmd_pos) VALUES('cmd_light_ctrl','light_state_19',18);
INSERT INTO RCU_CMD_CONTENT (cmd_name,cmd_item,cmd_pos) VALUES('cmd_light_ctrl','light_state_20',19);
INSERT INTO RCU_CMD_CONTENT (cmd_name,cmd_item,cmd_pos) VALUES('cmd_light_ctrl','light_state_21',20);
INSERT INTO RCU_CMD_CONTENT (cmd_name,cmd_item,cmd_pos) VALUES('cmd_light_ctrl','light_state_22',21);
INSERT INTO RCU_CMD_CONTENT (cmd_name,cmd_item,cmd_pos) VALUES('cmd_light_ctrl','light_state_23',22);
INSERT INTO RCU_CMD_CONTENT (cmd_name,cmd_item,cmd_pos) VALUES('cmd_light_ctrl','light_state_24',23);
INSERT INTO RCU_CMD_CONTENT (cmd_name,cmd_item,cmd_pos) VALUES('cmd_light_ctrl','light_state_25',24);
INSERT INTO RCU_CMD_CONTENT (cmd_name,cmd_item,cmd_pos) VALUES('cmd_light_ctrl','light_state_26',25);
INSERT INTO RCU_CMD_CONTENT (cmd_name,cmd_item,cmd_pos) VALUES('cmd_light_ctrl','light_state_27',26);
INSERT INTO RCU_CMD_CONTENT (cmd_name,cmd_item,cmd_pos) VALUES('cmd_light_ctrl','light_state_28',27);
INSERT INTO RCU_CMD_CONTENT (cmd_name,cmd_item,cmd_pos) VALUES('cmd_light_ctrl','light_state_29',28);
INSERT INTO RCU_CMD_CONTENT (cmd_name,cmd_item,cmd_pos) VALUES('cmd_light_ctrl','light_state_30',29);
INSERT INTO RCU_CMD_CONTENT (cmd_name,cmd_item,cmd_pos) VALUES('cmd_light_ctrl','light_state_31',30);
INSERT INTO RCU_CMD_CONTENT (cmd_name,cmd_item,cmd_pos) VALUES('cmd_light_ctrl','light_state_32',31);
INSERT INTO RCU_CMD_CONTENT (cmd_name,cmd_item,cmd_pos) VALUES('cmd_air_ctrl','air_temp_set',0);
INSERT INTO RCU_CMD_CONTENT (cmd_name,cmd_item,cmd_pos) VALUES('cmd_air_ctrl','wind_level_set',1);
INSERT INTO RCU_CMD_CONTENT (cmd_name,cmd_item,cmd_pos) VALUES('cmd_air_ctrl','temp_addr_set',2);
INSERT INTO RCU_CMD_CONTENT (cmd_name,cmd_item,cmd_pos) VALUES('cmd_temp_ctrl','temp_ctrl_up',0);
INSERT INTO RCU_CMD_CONTENT (cmd_name,cmd_item,cmd_pos) VALUES('cmd_temp_ctrl','temp_ctrl_dn',1);
INSERT INTO RCU_CMD_CONTENT (cmd_name,cmd_item,cmd_pos) VALUES('cmd_temp_ctrl','temp_hold_up',2);
INSERT INTO RCU_CMD_CONTENT (cmd_name,cmd_item,cmd_pos) VALUES('cmd_temp_ctrl','temp_hold_dn',3);
INSERT INTO RCU_CMD_CONTENT (cmd_name,cmd_item,cmd_pos) VALUES('cmd_temp_ctrl','temp_addr_set',4);
INSERT INTO RCU_CMD_CONTENT (cmd_name,cmd_item,cmd_pos) VALUES('cmd_mode_set','ctrl_mode',0);
INSERT INTO RCU_CMD_CONTENT (cmd_name,cmd_item,cmd_pos) VALUES('cmd_mode_set','season_mode',1);
INSERT INTO RCU_CMD_CONTENT (cmd_name,cmd_item,cmd_pos) VALUES('cmd_in_set','in_setting_temp',0);
INSERT INTO RCU_CMD_CONTENT (cmd_name,cmd_item,cmd_pos) VALUES('cmd_in_set','in_wind_level',1);
INSERT INTO RCU_CMD_CONTENT (cmd_name,cmd_item,cmd_pos) VALUES('cmd_in_set','in_welcome_level',2);
INSERT INTO RCU_CMD_CONTENT (cmd_name,cmd_item,cmd_pos) VALUES('cmd_day_set','light_day_1',0);
INSERT INTO RCU_CMD_CONTENT (cmd_name,cmd_item,cmd_pos) VALUES('cmd_day_set','light_day_2',1);
INSERT INTO RCU_CMD_CONTENT (cmd_name,cmd_item,cmd_pos) VALUES('cmd_day_set','light_day_3',2);
INSERT INTO RCU_CMD_CONTENT (cmd_name,cmd_item,cmd_pos) VALUES('cmd_day_set','light_day_4',3);
INSERT INTO RCU_CMD_CONTENT (cmd_name,cmd_item,cmd_pos) VALUES('cmd_day_set','light_day_5',4);
INSERT INTO RCU_CMD_CONTENT (cmd_name,cmd_item,cmd_pos) VALUES('cmd_day_set','light_day_6',5);
INSERT INTO RCU_CMD_CONTENT (cmd_name,cmd_item,cmd_pos) VALUES('cmd_day_set','light_day_7',6);
INSERT INTO RCU_CMD_CONTENT (cmd_name,cmd_item,cmd_pos) VALUES('cmd_day_set','light_day_8',7);
INSERT INTO RCU_CMD_CONTENT (cmd_name,cmd_item,cmd_pos) VALUES('cmd_day_set','light_day_9',8);
INSERT INTO RCU_CMD_CONTENT (cmd_name,cmd_item,cmd_pos) VALUES('cmd_day_set','light_day_10',9);
INSERT INTO RCU_CMD_CONTENT (cmd_name,cmd_item,cmd_pos) VALUES('cmd_day_set','light_day_11',10);
INSERT INTO RCU_CMD_CONTENT (cmd_name,cmd_item,cmd_pos) VALUES('cmd_day_set','light_day_12',11);
INSERT INTO RCU_CMD_CONTENT (cmd_name,cmd_item,cmd_pos) VALUES('cmd_day_set','light_day_13',12);
INSERT INTO RCU_CMD_CONTENT (cmd_name,cmd_item,cmd_pos) VALUES('cmd_day_set','light_day_14',13);
INSERT INTO RCU_CMD_CONTENT (cmd_name,cmd_item,cmd_pos) VALUES('cmd_day_set','light_day_15',14);
INSERT INTO RCU_CMD_CONTENT (cmd_name,cmd_item,cmd_pos) VALUES('cmd_day_set','light_day_16',15);
INSERT INTO RCU_CMD_CONTENT (cmd_name,cmd_item,cmd_pos) VALUES('cmd_day_set','light_day_17',16);
INSERT INTO RCU_CMD_CONTENT (cmd_name,cmd_item,cmd_pos) VALUES('cmd_day_set','light_day_18',17);
INSERT INTO RCU_CMD_CONTENT (cmd_name,cmd_item,cmd_pos) VALUES('cmd_day_set','light_day_19',18);
INSERT INTO RCU_CMD_CONTENT (cmd_name,cmd_item,cmd_pos) VALUES('cmd_day_set','light_day_20',19);
INSERT INTO RCU_CMD_CONTENT (cmd_name,cmd_item,cmd_pos) VALUES('cmd_day_set','light_day_21',20);
INSERT INTO RCU_CMD_CONTENT (cmd_name,cmd_item,cmd_pos) VALUES('cmd_day_set','light_day_22',21);
INSERT INTO RCU_CMD_CONTENT (cmd_name,cmd_item,cmd_pos) VALUES('cmd_day_set','light_day_23',22);
INSERT INTO RCU_CMD_CONTENT (cmd_name,cmd_item,cmd_pos) VALUES('cmd_day_set','light_day_24',23);
INSERT INTO RCU_CMD_CONTENT (cmd_name,cmd_item,cmd_pos) VALUES('cmd_day_set','light_day_25',24);
INSERT INTO RCU_CMD_CONTENT (cmd_name,cmd_item,cmd_pos) VALUES('cmd_day_set','light_day_26',25);
INSERT INTO RCU_CMD_CONTENT (cmd_name,cmd_item,cmd_pos) VALUES('cmd_day_set','light_day_27',26);
INSERT INTO RCU_CMD_CONTENT (cmd_name,cmd_item,cmd_pos) VALUES('cmd_day_set','light_day_28',27);
INSERT INTO RCU_CMD_CONTENT (cmd_name,cmd_item,cmd_pos) VALUES('cmd_day_set','light_day_29',28);
INSERT INTO RCU_CMD_CONTENT (cmd_name,cmd_item,cmd_pos) VALUES('cmd_day_set','light_day_30',29);
INSERT INTO RCU_CMD_CONTENT (cmd_name,cmd_item,cmd_pos) VALUES('cmd_day_set','light_day_31',30);
INSERT INTO RCU_CMD_CONTENT (cmd_name,cmd_item,cmd_pos) VALUES('cmd_day_set','light_day_32',31);
INSERT INTO RCU_CMD_CONTENT (cmd_name,cmd_item,cmd_pos) VALUES('cmd_night_set','light_night_1',0);
INSERT INTO RCU_CMD_CONTENT (cmd_name,cmd_item,cmd_pos) VALUES('cmd_night_set','light_night_2',1);
INSERT INTO RCU_CMD_CONTENT (cmd_name,cmd_item,cmd_pos) VALUES('cmd_night_set','light_night_3',2);
INSERT INTO RCU_CMD_CONTENT (cmd_name,cmd_item,cmd_pos) VALUES('cmd_night_set','light_night_4',3);
INSERT INTO RCU_CMD_CONTENT (cmd_name,cmd_item,cmd_pos) VALUES('cmd_night_set','light_night_5',4);
INSERT INTO RCU_CMD_CONTENT (cmd_name,cmd_item,cmd_pos) VALUES('cmd_night_set','light_night_6',5);
INSERT INTO RCU_CMD_CONTENT (cmd_name,cmd_item,cmd_pos) VALUES('cmd_night_set','light_night_7',6);
INSERT INTO RCU_CMD_CONTENT (cmd_name,cmd_item,cmd_pos) VALUES('cmd_night_set','light_night_8',7);
INSERT INTO RCU_CMD_CONTENT (cmd_name,cmd_item,cmd_pos) VALUES('cmd_night_set','light_night_9',8);
INSERT INTO RCU_CMD_CONTENT (cmd_name,cmd_item,cmd_pos) VALUES('cmd_night_set','light_night_10',9);
INSERT INTO RCU_CMD_CONTENT (cmd_name,cmd_item,cmd_pos) VALUES('cmd_night_set','light_night_11',10);
INSERT INTO RCU_CMD_CONTENT (cmd_name,cmd_item,cmd_pos) VALUES('cmd_night_set','light_night_12',11);
INSERT INTO RCU_CMD_CONTENT (cmd_name,cmd_item,cmd_pos) VALUES('cmd_night_set','light_night_13',12);
INSERT INTO RCU_CMD_CONTENT (cmd_name,cmd_item,cmd_pos) VALUES('cmd_night_set','light_night_14',13);
INSERT INTO RCU_CMD_CONTENT (cmd_name,cmd_item,cmd_pos) VALUES('cmd_night_set','light_night_15',14);
INSERT INTO RCU_CMD_CONTENT (cmd_name,cmd_item,cmd_pos) VALUES('cmd_night_set','light_night_16',15);
INSERT INTO RCU_CMD_CONTENT (cmd_name,cmd_item,cmd_pos) VALUES('cmd_night_set','light_night_17',16);
INSERT INTO RCU_CMD_CONTENT (cmd_name,cmd_item,cmd_pos) VALUES('cmd_night_set','light_night_18',17);
INSERT INTO RCU_CMD_CONTENT (cmd_name,cmd_item,cmd_pos) VALUES('cmd_night_set','light_night_19',18);
INSERT INTO RCU_CMD_CONTENT (cmd_name,cmd_item,cmd_pos) VALUES('cmd_night_set','light_night_20',19);
INSERT INTO RCU_CMD_CONTENT (cmd_name,cmd_item,cmd_pos) VALUES('cmd_night_set','light_night_21',20);
INSERT INTO RCU_CMD_CONTENT (cmd_name,cmd_item,cmd_pos) VALUES('cmd_night_set','light_night_22',21);
INSERT INTO RCU_CMD_CONTENT (cmd_name,cmd_item,cmd_pos) VALUES('cmd_night_set','light_night_23',22);
INSERT INTO RCU_CMD_CONTENT (cmd_name,cmd_item,cmd_pos) VALUES('cmd_night_set','light_night_24',23);
INSERT INTO RCU_CMD_CONTENT (cmd_name,cmd_item,cmd_pos) VALUES('cmd_night_set','light_night_25',24);
INSERT INTO RCU_CMD_CONTENT (cmd_name,cmd_item,cmd_pos) VALUES('cmd_night_set','light_night_26',25);
INSERT INTO RCU_CMD_CONTENT (cmd_name,cmd_item,cmd_pos) VALUES('cmd_night_set','light_night_27',26);
INSERT INTO RCU_CMD_CONTENT (cmd_name,cmd_item,cmd_pos) VALUES('cmd_night_set','light_night_28',27);
INSERT INTO RCU_CMD_CONTENT (cmd_name,cmd_item,cmd_pos) VALUES('cmd_night_set','light_night_29',28);
INSERT INTO RCU_CMD_CONTENT (cmd_name,cmd_item,cmd_pos) VALUES('cmd_night_set','light_night_30',29);
INSERT INTO RCU_CMD_CONTENT (cmd_name,cmd_item,cmd_pos) VALUES('cmd_night_set','light_night_31',30);
INSERT INTO RCU_CMD_CONTENT (cmd_name,cmd_item,cmd_pos) VALUES('cmd_night_set','light_night_32',31);
INSERT INTO RCU_CMD_CONTENT (cmd_name,cmd_item,cmd_pos) VALUES('cmd_wind_set','run_time',0);
INSERT INTO RCU_CMD_CONTENT (cmd_name,cmd_item,cmd_pos) VALUES('cmd_wind_set','stop_time',1);
INSERT INTO RCU_CMD_CONTENT (cmd_name,cmd_item,cmd_pos) VALUES('cmd_wind_set','set_wind_level',2);
INSERT INTO RCU_CMD_CONTENT (cmd_name,cmd_item,cmd_pos) VALUES('cmd_wind_set','temp_addr_set',3);
INSERT INTO RCU_CMD_CONTENT (cmd_name,cmd_item,cmd_pos) VALUES('cmd_temp_comp','temp_comp',0);
INSERT INTO RCU_CMD_CONTENT (cmd_name,cmd_item,cmd_pos) VALUES('cmd_temp_comp','temp_addr_set',1);
INSERT INTO RCU_CMD_CONTENT (cmd_name,cmd_item,cmd_pos) VALUES('cmd_geotherm_set','set_geotherm_operation',0);
INSERT INTO RCU_CMD_CONTENT (cmd_name,cmd_item,cmd_pos) VALUES('cmd_geotherm_set','set_geotherm_state',1);
INSERT INTO RCU_CMD_CONTENT (cmd_name,cmd_item,cmd_pos) VALUES('cmd_geotherm_set','set_geotherm_yes_run',2);/*有卡地热运行时间*/
INSERT INTO RCU_CMD_CONTENT (cmd_name,cmd_item,cmd_pos) VALUES('cmd_geotherm_set','set_geotherm_yes_stop',3);/*有卡地停止*/
INSERT INTO RCU_CMD_CONTENT (cmd_name,cmd_item,cmd_pos) VALUES('cmd_geotherm_set','set_geotherm_no_run',4);/*无卡地热运行时间*/
INSERT INTO RCU_CMD_CONTENT (cmd_name,cmd_item,cmd_pos) VALUES('cmd_geotherm_set','set_geotherm_no_stop',5);/*无卡地热停止*/
INSERT INTO RCU_CMD_CONTENT (cmd_name,cmd_item,cmd_pos) VALUES('cmd_link_set','set_link',0);

DELETE FROM RCU_PARA_DEFINE WHERE para_name <> 'p_floor_no' AND para_name <> 'p_room_no';
INSERT INTO RCU_PARA_DEFINE(para_name,para_value,para_desc) VALUES('p_holder',0,'');
INSERT INTO RCU_PARA_DEFINE(para_name,para_value,para_desc) VALUES('p_card_state',0,'无卡');
INSERT INTO RCU_PARA_DEFINE(para_name,para_value,para_desc) VALUES('p_card_state',1,'有卡');
INSERT INTO RCU_PARA_DEFINE(para_name,para_value,para_desc) VALUES('p_busy_state',0,'非DND');
INSERT INTO RCU_PARA_DEFINE(para_name,para_value,para_desc) VALUES('p_busy_state',1,'DND');
INSERT INTO RCU_PARA_DEFINE(para_name,para_value,para_desc) VALUES('p_door_clock',1,'正常模式');
INSERT INTO RCU_PARA_DEFINE(para_name,para_value,para_desc) VALUES('p_door_clock',2,'失聪模式');
INSERT INTO RCU_PARA_DEFINE(para_name,para_value,para_desc) VALUES('p_wind_level',8,'自动');
INSERT INTO RCU_PARA_DEFINE(para_name,para_value,para_desc) VALUES('p_wind_level',4,'高速');
INSERT INTO RCU_PARA_DEFINE(para_name,para_value,para_desc) VALUES('p_wind_level',2,'中速');
INSERT INTO RCU_PARA_DEFINE(para_name,para_value,para_desc) VALUES('p_wind_level',1,'低速');
INSERT INTO RCU_PARA_DEFINE(para_name,para_value,para_desc) VALUES('p_wind_level',0,'关闭');
INSERT INTO RCU_PARA_DEFINE(para_name,para_value,para_desc) VALUES('p_in_wind_level',0x44,'高速');
INSERT INTO RCU_PARA_DEFINE(para_name,para_value,para_desc) VALUES('p_in_wind_level',0x22,'中速');
INSERT INTO RCU_PARA_DEFINE(para_name,para_value,para_desc) VALUES('p_in_wind_level',0x11,'低速');
INSERT INTO RCU_PARA_DEFINE(para_name,para_value,para_desc) VALUES('p_in_wind_level',0x88,'关闭');
INSERT INTO RCU_PARA_DEFINE(para_name,para_value,para_desc) VALUES('p_valve_state',3,'自动');
INSERT INTO RCU_PARA_DEFINE(para_name,para_value,para_desc) VALUES('p_valve_state',2,'冷阀');
INSERT INTO RCU_PARA_DEFINE(para_name,para_value,para_desc) VALUES('p_valve_state',1,'热阀');
INSERT INTO RCU_PARA_DEFINE(para_name,para_value,para_desc) VALUES('p_valve_state',0,'关闭');
INSERT INTO RCU_PARA_DEFINE(para_name,para_value,para_desc) VALUES('p_ctrl_mode',2,'温度控制');
INSERT INTO RCU_PARA_DEFINE(para_name,para_value,para_desc) VALUES('p_ctrl_mode',1,'时间控制');
INSERT INTO RCU_PARA_DEFINE(para_name,para_value,para_desc) VALUES('p_season_mode',4,'自动');
INSERT INTO RCU_PARA_DEFINE(para_name,para_value,para_desc) VALUES('p_season_mode',2,'夏季');
INSERT INTO RCU_PARA_DEFINE(para_name,para_value,para_desc) VALUES('p_season_mode',1,'冬季');
INSERT INTO RCU_PARA_DEFINE(para_name,para_value,para_desc) VALUES('p_set_wind_level',8,'自动');
INSERT INTO RCU_PARA_DEFINE(para_name,para_value,para_desc) VALUES('p_set_wind_level',4,'高速');
INSERT INTO RCU_PARA_DEFINE(para_name,para_value,para_desc) VALUES('p_set_wind_level',2,'中速');
INSERT INTO RCU_PARA_DEFINE(para_name,para_value,para_desc) VALUES('p_set_wind_level',1,'低速');
INSERT INTO RCU_PARA_DEFINE(para_name,para_value,para_desc) VALUES('p_light_state',1,'点亮');
INSERT INTO RCU_PARA_DEFINE(para_name,para_value,para_desc) VALUES('p_light_state',0,'熄灭');
INSERT INTO RCU_PARA_DEFINE(para_name,para_value,para_desc) VALUES('p_link',1,'连通');
INSERT INTO RCU_PARA_DEFINE(para_name,para_value,para_desc) VALUES('p_link',0,'断开');
INSERT INTO RCU_PARA_DEFINE(para_name,para_value,para_desc) VALUES('p_if_in',0,'未出租');
INSERT INTO RCU_PARA_DEFINE(para_name,para_value,para_desc) VALUES('p_if_in',1,'已出租');
INSERT INTO RCU_PARA_DEFINE(para_name,para_value,para_desc) VALUES('p_break_count',0,'连接正常');
INSERT INTO RCU_PARA_DEFINE(para_name,para_value,para_desc) VALUES('p_break_count',1,'连接异常1次');
INSERT INTO RCU_PARA_DEFINE(para_name,para_value,para_desc) VALUES('p_break_count',2,'连接异常2次');
INSERT INTO RCU_PARA_DEFINE(para_name,para_value,para_desc) VALUES('p_break_count',3,'连接中断');
INSERT INTO RCU_PARA_DEFINE(para_name,para_value,para_desc) VALUES('p_link_state',0,'未连通');
INSERT INTO RCU_PARA_DEFINE(para_name,para_value,para_desc) VALUES('p_link_state',1,'已连通');
INSERT INTO RCU_PARA_DEFINE(para_name,para_value,para_desc) VALUES('p_geotherm_operation',0,'状态设置');
INSERT INTO RCU_PARA_DEFINE(para_name,para_value,para_desc) VALUES('p_geotherm_operation',1,'时间设置');
INSERT INTO RCU_PARA_DEFINE(para_name,para_value,para_desc) VALUES('p_geotherm_state',0,'关闭');
INSERT INTO RCU_PARA_DEFINE(para_name,para_value,para_desc) VALUES('p_geotherm_state',1,'打开');
INSERT INTO RCU_PARA_DEFINE(para_name,para_value,para_desc) VALUES('p_temp',0,'0℃');
INSERT INTO RCU_PARA_DEFINE(para_name,para_value,para_desc) VALUES('p_temp',1,'1℃');
INSERT INTO RCU_PARA_DEFINE(para_name,para_value,para_desc) VALUES('p_temp',2,'2℃');
INSERT INTO RCU_PARA_DEFINE(para_name,para_value,para_desc) VALUES('p_temp',3,'3℃');
INSERT INTO RCU_PARA_DEFINE(para_name,para_value,para_desc) VALUES('p_temp',4,'4℃');
INSERT INTO RCU_PARA_DEFINE(para_name,para_value,para_desc) VALUES('p_temp',5,'5℃');
INSERT INTO RCU_PARA_DEFINE(para_name,para_value,para_desc) VALUES('p_temp',6,'6℃');
INSERT INTO RCU_PARA_DEFINE(para_name,para_value,para_desc) VALUES('p_temp',7,'7℃');
INSERT INTO RCU_PARA_DEFINE(para_name,para_value,para_desc) VALUES('p_temp',8,'8℃');
INSERT INTO RCU_PARA_DEFINE(para_name,para_value,para_desc) VALUES('p_temp',9,'9℃');
INSERT INTO RCU_PARA_DEFINE(para_name,para_value,para_desc) VALUES('p_temp',10,'10℃');
INSERT INTO RCU_PARA_DEFINE(para_name,para_value,para_desc) VALUES('p_temp',11,'11℃');
INSERT INTO RCU_PARA_DEFINE(para_name,para_value,para_desc) VALUES('p_temp',12,'12℃');
INSERT INTO RCU_PARA_DEFINE(para_name,para_value,para_desc) VALUES('p_temp',13,'13℃');
INSERT INTO RCU_PARA_DEFINE(para_name,para_value,para_desc) VALUES('p_temp',14,'14℃');
INSERT INTO RCU_PARA_DEFINE(para_name,para_value,para_desc) VALUES('p_temp',15,'15℃');
INSERT INTO RCU_PARA_DEFINE(para_name,para_value,para_desc) VALUES('p_temp',16,'16℃');
INSERT INTO RCU_PARA_DEFINE(para_name,para_value,para_desc) VALUES('p_temp',17,'17℃');
INSERT INTO RCU_PARA_DEFINE(para_name,para_value,para_desc) VALUES('p_temp',18,'18℃');
INSERT INTO RCU_PARA_DEFINE(para_name,para_value,para_desc) VALUES('p_temp',19,'19℃');
INSERT INTO RCU_PARA_DEFINE(para_name,para_value,para_desc) VALUES('p_temp',20,'20℃');
INSERT INTO RCU_PARA_DEFINE(para_name,para_value,para_desc) VALUES('p_temp',21,'21℃');
INSERT INTO RCU_PARA_DEFINE(para_name,para_value,para_desc) VALUES('p_temp',22,'22℃');
INSERT INTO RCU_PARA_DEFINE(para_name,para_value,para_desc) VALUES('p_temp',23,'23℃');
INSERT INTO RCU_PARA_DEFINE(para_name,para_value,para_desc) VALUES('p_temp',24,'24℃');
INSERT INTO RCU_PARA_DEFINE(para_name,para_value,para_desc) VALUES('p_temp',25,'25℃');
INSERT INTO RCU_PARA_DEFINE(para_name,para_value,para_desc) VALUES('p_temp',26,'26℃');
INSERT INTO RCU_PARA_DEFINE(para_name,para_value,para_desc) VALUES('p_temp',27,'27℃');
INSERT INTO RCU_PARA_DEFINE(para_name,para_value,para_desc) VALUES('p_temp',28,'28℃');
INSERT INTO RCU_PARA_DEFINE(para_name,para_value,para_desc) VALUES('p_temp',29,'29℃');
INSERT INTO RCU_PARA_DEFINE(para_name,para_value,para_desc) VALUES('p_temp',30,'30℃');
INSERT INTO RCU_PARA_DEFINE(para_name,para_value,para_desc) VALUES('p_temp',31,'31℃');
INSERT INTO RCU_PARA_DEFINE(para_name,para_value,para_desc) VALUES('p_temp',32,'32℃');
INSERT INTO RCU_PARA_DEFINE(para_name,para_value,para_desc) VALUES('p_temp',33,'33℃');
INSERT INTO RCU_PARA_DEFINE(para_name,para_value,para_desc) VALUES('p_temp',34,'34℃');
INSERT INTO RCU_PARA_DEFINE(para_name,para_value,para_desc) VALUES('p_temp',35,'35℃');
INSERT INTO RCU_PARA_DEFINE(para_name,para_value,para_desc) VALUES('p_temp',36,'36℃');
INSERT INTO RCU_PARA_DEFINE(para_name,para_value,para_desc) VALUES('p_temp',37,'37℃');
INSERT INTO RCU_PARA_DEFINE(para_name,para_value,para_desc) VALUES('p_temp',38,'38℃');
INSERT INTO RCU_PARA_DEFINE(para_name,para_value,para_desc) VALUES('p_temp',39,'39℃');
INSERT INTO RCU_PARA_DEFINE(para_name,para_value,para_desc) VALUES('p_temp',40,'40℃');
INSERT INTO RCU_PARA_DEFINE(para_name,para_value,para_desc) VALUES('p_temp',41,'41℃');
INSERT INTO RCU_PARA_DEFINE(para_name,para_value,para_desc) VALUES('p_temp',42,'42℃');
INSERT INTO RCU_PARA_DEFINE(para_name,para_value,para_desc) VALUES('p_temp',43,'43℃');
INSERT INTO RCU_PARA_DEFINE(para_name,para_value,para_desc) VALUES('p_temp',44,'44℃');
INSERT INTO RCU_PARA_DEFINE(para_name,para_value,para_desc) VALUES('p_temp',45,'45℃');
INSERT INTO RCU_PARA_DEFINE(para_name,para_value,para_desc) VALUES('p_temp',46,'46℃');
INSERT INTO RCU_PARA_DEFINE(para_name,para_value,para_desc) VALUES('p_temp',47,'47℃');
INSERT INTO RCU_PARA_DEFINE(para_name,para_value,para_desc) VALUES('p_temp',48,'48℃');
INSERT INTO RCU_PARA_DEFINE(para_name,para_value,para_desc) VALUES('p_temp',49,'49℃');
INSERT INTO RCU_PARA_DEFINE(para_name,para_value,para_desc) VALUES('p_temp',50,'50℃');
INSERT INTO RCU_PARA_DEFINE(para_name,para_value,para_desc) VALUES('p_geo_temp',0,'0℃');
INSERT INTO RCU_PARA_DEFINE(para_name,para_value,para_desc) VALUES('p_geo_temp',1,'1℃');
INSERT INTO RCU_PARA_DEFINE(para_name,para_value,para_desc) VALUES('p_geo_temp',2,'2℃');
INSERT INTO RCU_PARA_DEFINE(para_name,para_value,para_desc) VALUES('p_geo_temp',3,'3℃');
INSERT INTO RCU_PARA_DEFINE(para_name,para_value,para_desc) VALUES('p_geo_temp',4,'4℃');
INSERT INTO RCU_PARA_DEFINE(para_name,para_value,para_desc) VALUES('p_geo_temp',5,'关');
INSERT INTO RCU_PARA_DEFINE(para_name,para_value,para_desc) VALUES('p_geo_temp',6,'6℃');
INSERT INTO RCU_PARA_DEFINE(para_name,para_value,para_desc) VALUES('p_geo_temp',7,'7℃');
INSERT INTO RCU_PARA_DEFINE(para_name,para_value,para_desc) VALUES('p_geo_temp',8,'8℃');
INSERT INTO RCU_PARA_DEFINE(para_name,para_value,para_desc) VALUES('p_geo_temp',9,'9℃');
INSERT INTO RCU_PARA_DEFINE(para_name,para_value,para_desc) VALUES('p_geo_temp',10,'10℃');
INSERT INTO RCU_PARA_DEFINE(para_name,para_value,para_desc) VALUES('p_geo_temp',11,'11℃');
INSERT INTO RCU_PARA_DEFINE(para_name,para_value,para_desc) VALUES('p_geo_temp',12,'12℃');
INSERT INTO RCU_PARA_DEFINE(para_name,para_value,para_desc) VALUES('p_geo_temp',13,'13℃');
INSERT INTO RCU_PARA_DEFINE(para_name,para_value,para_desc) VALUES('p_geo_temp',14,'14℃');
INSERT INTO RCU_PARA_DEFINE(para_name,para_value,para_desc) VALUES('p_geo_temp',15,'15℃');
INSERT INTO RCU_PARA_DEFINE(para_name,para_value,para_desc) VALUES('p_geo_temp',16,'16℃');
INSERT INTO RCU_PARA_DEFINE(para_name,para_value,para_desc) VALUES('p_geo_temp',17,'17℃');
INSERT INTO RCU_PARA_DEFINE(para_name,para_value,para_desc) VALUES('p_geo_temp',18,'18℃');
INSERT INTO RCU_PARA_DEFINE(para_name,para_value,para_desc) VALUES('p_geo_temp',19,'19℃');
INSERT INTO RCU_PARA_DEFINE(para_name,para_value,para_desc) VALUES('p_geo_temp',20,'20℃');
INSERT INTO RCU_PARA_DEFINE(para_name,para_value,para_desc) VALUES('p_geo_temp',21,'21℃');
INSERT INTO RCU_PARA_DEFINE(para_name,para_value,para_desc) VALUES('p_geo_temp',22,'22℃');
INSERT INTO RCU_PARA_DEFINE(para_name,para_value,para_desc) VALUES('p_geo_temp',23,'23℃');
INSERT INTO RCU_PARA_DEFINE(para_name,para_value,para_desc) VALUES('p_geo_temp',24,'24℃');
INSERT INTO RCU_PARA_DEFINE(para_name,para_value,para_desc) VALUES('p_geo_temp',25,'25℃');
INSERT INTO RCU_PARA_DEFINE(para_name,para_value,para_desc) VALUES('p_geo_temp',26,'26℃');
INSERT INTO RCU_PARA_DEFINE(para_name,para_value,para_desc) VALUES('p_geo_temp',27,'27℃');
INSERT INTO RCU_PARA_DEFINE(para_name,para_value,para_desc) VALUES('p_geo_temp',28,'28℃');
INSERT INTO RCU_PARA_DEFINE(para_name,para_value,para_desc) VALUES('p_geo_temp',29,'29℃');
INSERT INTO RCU_PARA_DEFINE(para_name,para_value,para_desc) VALUES('p_geo_temp',30,'30℃');
INSERT INTO RCU_PARA_DEFINE(para_name,para_value,para_desc) VALUES('p_geo_temp',31,'31℃');
INSERT INTO RCU_PARA_DEFINE(para_name,para_value,para_desc) VALUES('p_geo_temp',32,'32℃');
INSERT INTO RCU_PARA_DEFINE(para_name,para_value,para_desc) VALUES('p_geo_temp',33,'33℃');
INSERT INTO RCU_PARA_DEFINE(para_name,para_value,para_desc) VALUES('p_geo_temp',34,'34℃');
INSERT INTO RCU_PARA_DEFINE(para_name,para_value,para_desc) VALUES('p_geo_temp',35,'35℃');
INSERT INTO RCU_PARA_DEFINE(para_name,para_value,para_desc) VALUES('p_geo_temp',36,'36℃');
INSERT INTO RCU_PARA_DEFINE(para_name,para_value,para_desc) VALUES('p_geo_temp',37,'37℃');
INSERT INTO RCU_PARA_DEFINE(para_name,para_value,para_desc) VALUES('p_geo_temp',38,'38℃');
INSERT INTO RCU_PARA_DEFINE(para_name,para_value,para_desc) VALUES('p_geo_temp',39,'39℃');
INSERT INTO RCU_PARA_DEFINE(para_name,para_value,para_desc) VALUES('p_geo_temp',40,'40℃');
INSERT INTO RCU_PARA_DEFINE(para_name,para_value,para_desc) VALUES('p_geo_temp',41,'41℃');
INSERT INTO RCU_PARA_DEFINE(para_name,para_value,para_desc) VALUES('p_geo_temp',42,'42℃');
INSERT INTO RCU_PARA_DEFINE(para_name,para_value,para_desc) VALUES('p_geo_temp',43,'43℃');
INSERT INTO RCU_PARA_DEFINE(para_name,para_value,para_desc) VALUES('p_geo_temp',44,'44℃');
INSERT INTO RCU_PARA_DEFINE(para_name,para_value,para_desc) VALUES('p_geo_temp',45,'45℃');
INSERT INTO RCU_PARA_DEFINE(para_name,para_value,para_desc) VALUES('p_geo_temp',46,'46℃');
INSERT INTO RCU_PARA_DEFINE(para_name,para_value,para_desc) VALUES('p_geo_temp',47,'47℃');
INSERT INTO RCU_PARA_DEFINE(para_name,para_value,para_desc) VALUES('p_geo_temp',48,'48℃');
INSERT INTO RCU_PARA_DEFINE(para_name,para_value,para_desc) VALUES('p_geo_temp',49,'49℃');
INSERT INTO RCU_PARA_DEFINE(para_name,para_value,para_desc) VALUES('p_geo_temp',50,'开');
INSERT INTO RCU_PARA_DEFINE(para_name,para_value,para_desc) VALUES('p_card_delay',0,'0秒');
INSERT INTO RCU_PARA_DEFINE(para_name,para_value,para_desc) VALUES('p_card_delay',1,'1秒');
INSERT INTO RCU_PARA_DEFINE(para_name,para_value,para_desc) VALUES('p_card_delay',2,'2秒');
INSERT INTO RCU_PARA_DEFINE(para_name,para_value,para_desc) VALUES('p_card_delay',3,'3秒');
INSERT INTO RCU_PARA_DEFINE(para_name,para_value,para_desc) VALUES('p_card_delay',4,'4秒');
INSERT INTO RCU_PARA_DEFINE(para_name,para_value,para_desc) VALUES('p_card_delay',5,'5秒');
INSERT INTO RCU_PARA_DEFINE(para_name,para_value,para_desc) VALUES('p_card_delay',6,'6秒');
INSERT INTO RCU_PARA_DEFINE(para_name,para_value,para_desc) VALUES('p_card_delay',7,'7秒');
INSERT INTO RCU_PARA_DEFINE(para_name,para_value,para_desc) VALUES('p_card_delay',8,'8秒');
INSERT INTO RCU_PARA_DEFINE(para_name,para_value,para_desc) VALUES('p_card_delay',9,'9秒');
INSERT INTO RCU_PARA_DEFINE(para_name,para_value,para_desc) VALUES('p_card_delay',10,'10秒');
INSERT INTO RCU_PARA_DEFINE(para_name,para_value,para_desc) VALUES('p_card_delay',11,'11秒');
INSERT INTO RCU_PARA_DEFINE(para_name,para_value,para_desc) VALUES('p_card_delay',12,'12秒');
INSERT INTO RCU_PARA_DEFINE(para_name,para_value,para_desc) VALUES('p_card_delay',13,'13秒');
INSERT INTO RCU_PARA_DEFINE(para_name,para_value,para_desc) VALUES('p_card_delay',14,'14秒');
INSERT INTO RCU_PARA_DEFINE(para_name,para_value,para_desc) VALUES('p_card_delay',15,'15秒');
INSERT INTO RCU_PARA_DEFINE(para_name,para_value,para_desc) VALUES('p_card_delay',16,'16秒');
INSERT INTO RCU_PARA_DEFINE(para_name,para_value,para_desc) VALUES('p_card_delay',17,'17秒');
INSERT INTO RCU_PARA_DEFINE(para_name,para_value,para_desc) VALUES('p_card_delay',18,'18秒');
INSERT INTO RCU_PARA_DEFINE(para_name,para_value,para_desc) VALUES('p_card_delay',19,'29秒');
INSERT INTO RCU_PARA_DEFINE(para_name,para_value,para_desc) VALUES('p_card_delay',20,'20秒');
INSERT INTO RCU_PARA_DEFINE(para_name,para_value,para_desc) VALUES('p_card_delay',21,'21秒');
INSERT INTO RCU_PARA_DEFINE(para_name,para_value,para_desc) VALUES('p_card_delay',22,'22秒');
INSERT INTO RCU_PARA_DEFINE(para_name,para_value,para_desc) VALUES('p_card_delay',23,'23秒');
INSERT INTO RCU_PARA_DEFINE(para_name,para_value,para_desc) VALUES('p_card_delay',24,'24秒');
INSERT INTO RCU_PARA_DEFINE(para_name,para_value,para_desc) VALUES('p_card_delay',25,'25秒');
INSERT INTO RCU_PARA_DEFINE(para_name,para_value,para_desc) VALUES('p_card_delay',26,'26秒');
INSERT INTO RCU_PARA_DEFINE(para_name,para_value,para_desc) VALUES('p_card_delay',27,'27秒');
INSERT INTO RCU_PARA_DEFINE(para_name,para_value,para_desc) VALUES('p_card_delay',28,'28秒');
INSERT INTO RCU_PARA_DEFINE(para_name,para_value,para_desc) VALUES('p_card_delay',29,'29秒');
INSERT INTO RCU_PARA_DEFINE(para_name,para_value,para_desc) VALUES('p_card_delay',30,'30秒');
INSERT INTO RCU_PARA_DEFINE(para_name,para_value,para_desc) VALUES('p_card_delay',31,'31秒');
INSERT INTO RCU_PARA_DEFINE(para_name,para_value,para_desc) VALUES('p_card_delay',32,'32秒');
INSERT INTO RCU_PARA_DEFINE(para_name,para_value,para_desc) VALUES('p_card_delay',33,'33秒');
INSERT INTO RCU_PARA_DEFINE(para_name,para_value,para_desc) VALUES('p_card_delay',34,'34秒');
INSERT INTO RCU_PARA_DEFINE(para_name,para_value,para_desc) VALUES('p_card_delay',35,'35秒');
INSERT INTO RCU_PARA_DEFINE(para_name,para_value,para_desc) VALUES('p_card_delay',36,'36秒');
INSERT INTO RCU_PARA_DEFINE(para_name,para_value,para_desc) VALUES('p_card_delay',37,'37秒');
INSERT INTO RCU_PARA_DEFINE(para_name,para_value,para_desc) VALUES('p_card_delay',38,'38秒');
INSERT INTO RCU_PARA_DEFINE(para_name,para_value,para_desc) VALUES('p_card_delay',39,'39秒');
INSERT INTO RCU_PARA_DEFINE(para_name,para_value,para_desc) VALUES('p_card_delay',40,'40秒');
INSERT INTO RCU_PARA_DEFINE(para_name,para_value,para_desc) VALUES('p_card_delay',41,'41秒');
INSERT INTO RCU_PARA_DEFINE(para_name,para_value,para_desc) VALUES('p_card_delay',42,'42秒');
INSERT INTO RCU_PARA_DEFINE(para_name,para_value,para_desc) VALUES('p_card_delay',43,'43秒');
INSERT INTO RCU_PARA_DEFINE(para_name,para_value,para_desc) VALUES('p_card_delay',44,'44秒');
INSERT INTO RCU_PARA_DEFINE(para_name,para_value,para_desc) VALUES('p_card_delay',45,'45秒');
INSERT INTO RCU_PARA_DEFINE(para_name,para_value,para_desc) VALUES('p_card_delay',46,'46秒');
INSERT INTO RCU_PARA_DEFINE(para_name,para_value,para_desc) VALUES('p_card_delay',47,'47秒');
INSERT INTO RCU_PARA_DEFINE(para_name,para_value,para_desc) VALUES('p_card_delay',48,'48秒');
INSERT INTO RCU_PARA_DEFINE(para_name,para_value,para_desc) VALUES('p_card_delay',49,'49秒');
INSERT INTO RCU_PARA_DEFINE(para_name,para_value,para_desc) VALUES('p_card_delay',50,'90秒');
INSERT INTO RCU_PARA_DEFINE(para_name,para_value,para_desc) VALUES('p_card_delay',51,'91秒');
INSERT INTO RCU_PARA_DEFINE(para_name,para_value,para_desc) VALUES('p_card_delay',52,'92秒');
INSERT INTO RCU_PARA_DEFINE(para_name,para_value,para_desc) VALUES('p_card_delay',53,'93秒');
INSERT INTO RCU_PARA_DEFINE(para_name,para_value,para_desc) VALUES('p_card_delay',54,'94秒');
INSERT INTO RCU_PARA_DEFINE(para_name,para_value,para_desc) VALUES('p_card_delay',55,'95秒');
INSERT INTO RCU_PARA_DEFINE(para_name,para_value,para_desc) VALUES('p_card_delay',56,'96秒');
INSERT INTO RCU_PARA_DEFINE(para_name,para_value,para_desc) VALUES('p_card_delay',57,'97秒');
INSERT INTO RCU_PARA_DEFINE(para_name,para_value,para_desc) VALUES('p_card_delay',58,'98秒');
INSERT INTO RCU_PARA_DEFINE(para_name,para_value,para_desc) VALUES('p_card_delay',59,'99秒');
INSERT INTO RCU_PARA_DEFINE(para_name,para_value,para_desc) VALUES('p_card_delay',60,'60秒');
INSERT INTO RCU_PARA_DEFINE(para_name,para_value,para_desc) VALUES('p_card_delay',61,'61秒');
INSERT INTO RCU_PARA_DEFINE(para_name,para_value,para_desc) VALUES('p_card_delay',62,'62秒');
INSERT INTO RCU_PARA_DEFINE(para_name,para_value,para_desc) VALUES('p_card_delay',63,'63秒');
INSERT INTO RCU_PARA_DEFINE(para_name,para_value,para_desc) VALUES('p_card_delay',64,'64秒');
INSERT INTO RCU_PARA_DEFINE(para_name,para_value,para_desc) VALUES('p_card_delay',65,'65秒');
INSERT INTO RCU_PARA_DEFINE(para_name,para_value,para_desc) VALUES('p_card_delay',66,'66秒');
INSERT INTO RCU_PARA_DEFINE(para_name,para_value,para_desc) VALUES('p_card_delay',67,'67秒');
INSERT INTO RCU_PARA_DEFINE(para_name,para_value,para_desc) VALUES('p_card_delay',68,'68秒');
INSERT INTO RCU_PARA_DEFINE(para_name,para_value,para_desc) VALUES('p_card_delay',69,'69秒');
INSERT INTO RCU_PARA_DEFINE(para_name,para_value,para_desc) VALUES('p_card_delay',70,'70秒');
INSERT INTO RCU_PARA_DEFINE(para_name,para_value,para_desc) VALUES('p_card_delay',71,'71秒');
INSERT INTO RCU_PARA_DEFINE(para_name,para_value,para_desc) VALUES('p_card_delay',72,'72秒');
INSERT INTO RCU_PARA_DEFINE(para_name,para_value,para_desc) VALUES('p_card_delay',73,'73秒');
INSERT INTO RCU_PARA_DEFINE(para_name,para_value,para_desc) VALUES('p_card_delay',74,'74秒');
INSERT INTO RCU_PARA_DEFINE(para_name,para_value,para_desc) VALUES('p_card_delay',75,'75秒');
INSERT INTO RCU_PARA_DEFINE(para_name,para_value,para_desc) VALUES('p_card_delay',76,'76秒');
INSERT INTO RCU_PARA_DEFINE(para_name,para_value,para_desc) VALUES('p_card_delay',77,'77秒');
INSERT INTO RCU_PARA_DEFINE(para_name,para_value,para_desc) VALUES('p_card_delay',78,'78秒');
INSERT INTO RCU_PARA_DEFINE(para_name,para_value,para_desc) VALUES('p_card_delay',79,'79秒');
INSERT INTO RCU_PARA_DEFINE(para_name,para_value,para_desc) VALUES('p_card_delay',80,'80秒');
INSERT INTO RCU_PARA_DEFINE(para_name,para_value,para_desc) VALUES('p_card_delay',81,'81秒');
INSERT INTO RCU_PARA_DEFINE(para_name,para_value,para_desc) VALUES('p_card_delay',82,'82秒');
INSERT INTO RCU_PARA_DEFINE(para_name,para_value,para_desc) VALUES('p_card_delay',83,'83秒');
INSERT INTO RCU_PARA_DEFINE(para_name,para_value,para_desc) VALUES('p_card_delay',84,'84秒');
INSERT INTO RCU_PARA_DEFINE(para_name,para_value,para_desc) VALUES('p_card_delay',85,'85秒');
INSERT INTO RCU_PARA_DEFINE(para_name,para_value,para_desc) VALUES('p_card_delay',86,'86秒');
INSERT INTO RCU_PARA_DEFINE(para_name,para_value,para_desc) VALUES('p_card_delay',87,'87秒');
INSERT INTO RCU_PARA_DEFINE(para_name,para_value,para_desc) VALUES('p_card_delay',88,'88秒');
INSERT INTO RCU_PARA_DEFINE(para_name,para_value,para_desc) VALUES('p_card_delay',89,'89秒');
INSERT INTO RCU_PARA_DEFINE(para_name,para_value,para_desc) VALUES('p_card_delay',90,'90秒');
INSERT INTO RCU_PARA_DEFINE(para_name,para_value,para_desc) VALUES('p_card_delay',91,'91秒');
INSERT INTO RCU_PARA_DEFINE(para_name,para_value,para_desc) VALUES('p_card_delay',92,'92秒');
INSERT INTO RCU_PARA_DEFINE(para_name,para_value,para_desc) VALUES('p_card_delay',93,'93秒');
INSERT INTO RCU_PARA_DEFINE(para_name,para_value,para_desc) VALUES('p_card_delay',94,'94秒');
INSERT INTO RCU_PARA_DEFINE(para_name,para_value,para_desc) VALUES('p_card_delay',95,'95秒');
INSERT INTO RCU_PARA_DEFINE(para_name,para_value,para_desc) VALUES('p_card_delay',96,'96秒');
INSERT INTO RCU_PARA_DEFINE(para_name,para_value,para_desc) VALUES('p_card_delay',97,'97秒');
INSERT INTO RCU_PARA_DEFINE(para_name,para_value,para_desc) VALUES('p_card_delay',98,'98秒');
INSERT INTO RCU_PARA_DEFINE(para_name,para_value,para_desc) VALUES('p_card_delay',99,'99秒');
INSERT INTO RCU_PARA_DEFINE(para_name,para_value,para_desc) VALUES('p_card_delay',100,'100秒');
INSERT INTO RCU_PARA_DEFINE(para_name,para_value,para_desc) VALUES('p_card_delay',101,'101秒');
INSERT INTO RCU_PARA_DEFINE(para_name,para_value,para_desc) VALUES('p_card_delay',102,'102秒');
INSERT INTO RCU_PARA_DEFINE(para_name,para_value,para_desc) VALUES('p_card_delay',103,'103秒');
INSERT INTO RCU_PARA_DEFINE(para_name,para_value,para_desc) VALUES('p_card_delay',104,'104秒');
INSERT INTO RCU_PARA_DEFINE(para_name,para_value,para_desc) VALUES('p_card_delay',105,'105秒');
INSERT INTO RCU_PARA_DEFINE(para_name,para_value,para_desc) VALUES('p_card_delay',106,'106秒');
INSERT INTO RCU_PARA_DEFINE(para_name,para_value,para_desc) VALUES('p_card_delay',107,'107秒');
INSERT INTO RCU_PARA_DEFINE(para_name,para_value,para_desc) VALUES('p_card_delay',108,'108秒');
INSERT INTO RCU_PARA_DEFINE(para_name,para_value,para_desc) VALUES('p_card_delay',109,'109秒');
INSERT INTO RCU_PARA_DEFINE(para_name,para_value,para_desc) VALUES('p_card_delay',110,'110秒');
INSERT INTO RCU_PARA_DEFINE(para_name,para_value,para_desc) VALUES('p_card_delay',111,'111秒');
INSERT INTO RCU_PARA_DEFINE(para_name,para_value,para_desc) VALUES('p_card_delay',112,'112秒');
INSERT INTO RCU_PARA_DEFINE(para_name,para_value,para_desc) VALUES('p_card_delay',113,'113秒');
INSERT INTO RCU_PARA_DEFINE(para_name,para_value,para_desc) VALUES('p_card_delay',114,'114秒');
INSERT INTO RCU_PARA_DEFINE(para_name,para_value,para_desc) VALUES('p_card_delay',115,'115秒');
INSERT INTO RCU_PARA_DEFINE(para_name,para_value,para_desc) VALUES('p_card_delay',116,'116秒');
INSERT INTO RCU_PARA_DEFINE(para_name,para_value,para_desc) VALUES('p_card_delay',117,'117秒');
INSERT INTO RCU_PARA_DEFINE(para_name,para_value,para_desc) VALUES('p_card_delay',118,'118秒');
INSERT INTO RCU_PARA_DEFINE(para_name,para_value,para_desc) VALUES('p_card_delay',119,'119秒');
INSERT INTO RCU_PARA_DEFINE(para_name,para_value,para_desc) VALUES('p_card_delay',120,'120秒');

INSERT INTO RCU_PARA_DEFINE(para_name,para_value,para_desc) VALUES('p_temp_comp',0,'0℃');
INSERT INTO RCU_PARA_DEFINE(para_name,para_value,para_desc) VALUES('p_temp_comp',1,'1℃');
INSERT INTO RCU_PARA_DEFINE(para_name,para_value,para_desc) VALUES('p_temp_comp',2,'2℃');
INSERT INTO RCU_PARA_DEFINE(para_name,para_value,para_desc) VALUES('p_temp_comp',3,'3℃');
INSERT INTO RCU_PARA_DEFINE(para_name,para_value,para_desc) VALUES('p_temp_comp',4,'4℃');
INSERT INTO RCU_PARA_DEFINE(para_name,para_value,para_desc) VALUES('p_temp_comp',5,'5℃');
INSERT INTO RCU_PARA_DEFINE(para_name,para_value,para_desc) VALUES('p_temp_comp',129,'-1℃');
INSERT INTO RCU_PARA_DEFINE(para_name,para_value,para_desc) VALUES('p_temp_comp',130,'-2℃');
INSERT INTO RCU_PARA_DEFINE(para_name,para_value,para_desc) VALUES('p_temp_comp',131,'-3℃');
INSERT INTO RCU_PARA_DEFINE(para_name,para_value,para_desc) VALUES('p_temp_comp',132,'-4℃');
INSERT INTO RCU_PARA_DEFINE(para_name,para_value,para_desc) VALUES('p_temp_comp',133,'-5℃');
INSERT INTO RCU_PARA_DEFINE(para_name,para_value,para_desc) VALUES('p_temp_addr',0,'全部');
INSERT INTO RCU_PARA_DEFINE(para_name,para_value,para_desc) VALUES('p_temp_addr',193,'地址1');
INSERT INTO RCU_PARA_DEFINE(para_name,para_value,para_desc) VALUES('p_temp_addr',194,'地址2');
INSERT INTO RCU_PARA_DEFINE(para_name,para_value,para_desc) VALUES('p_temp_addr',195,'地址3');
INSERT INTO RCU_PARA_DEFINE(para_name,para_value,para_desc) VALUES('p_work_time',1,'1分');
INSERT INTO RCU_PARA_DEFINE(para_name,para_value,para_desc) VALUES('p_work_time',2,'2分');
INSERT INTO RCU_PARA_DEFINE(para_name,para_value,para_desc) VALUES('p_work_time',3,'3分');
INSERT INTO RCU_PARA_DEFINE(para_name,para_value,para_desc) VALUES('p_work_time',4,'4分');
INSERT INTO RCU_PARA_DEFINE(para_name,para_value,para_desc) VALUES('p_work_time',5,'5分');
INSERT INTO RCU_PARA_DEFINE(para_name,para_value,para_desc) VALUES('p_work_time',6,'6分');
INSERT INTO RCU_PARA_DEFINE(para_name,para_value,para_desc) VALUES('p_work_time',7,'7分');
INSERT INTO RCU_PARA_DEFINE(para_name,para_value,para_desc) VALUES('p_work_time',8,'8分');
INSERT INTO RCU_PARA_DEFINE(para_name,para_value,para_desc) VALUES('p_work_time',9,'9分');
INSERT INTO RCU_PARA_DEFINE(para_name,para_value,para_desc) VALUES('p_work_time',10,'10分');
INSERT INTO RCU_PARA_DEFINE(para_name,para_value,para_desc) VALUES('p_work_time',11,'11分');
INSERT INTO RCU_PARA_DEFINE(para_name,para_value,para_desc) VALUES('p_work_time',12,'12分');
INSERT INTO RCU_PARA_DEFINE(para_name,para_value,para_desc) VALUES('p_work_time',13,'13分');
INSERT INTO RCU_PARA_DEFINE(para_name,para_value,para_desc) VALUES('p_work_time',14,'14分');
INSERT INTO RCU_PARA_DEFINE(para_name,para_value,para_desc) VALUES('p_work_time',15,'15分');
INSERT INTO RCU_PARA_DEFINE(para_name,para_value,para_desc) VALUES('p_work_time',16,'16分');
INSERT INTO RCU_PARA_DEFINE(para_name,para_value,para_desc) VALUES('p_work_time',17,'17分');
INSERT INTO RCU_PARA_DEFINE(para_name,para_value,para_desc) VALUES('p_work_time',18,'18分');
INSERT INTO RCU_PARA_DEFINE(para_name,para_value,para_desc) VALUES('p_work_time',19,'19分');
INSERT INTO RCU_PARA_DEFINE(para_name,para_value,para_desc) VALUES('p_work_time',20,'20分');
INSERT INTO RCU_PARA_DEFINE(para_name,para_value,para_desc) VALUES('p_work_time',21,'21分');
INSERT INTO RCU_PARA_DEFINE(para_name,para_value,para_desc) VALUES('p_work_time',22,'22分');
INSERT INTO RCU_PARA_DEFINE(para_name,para_value,para_desc) VALUES('p_work_time',23,'23分');
INSERT INTO RCU_PARA_DEFINE(para_name,para_value,para_desc) VALUES('p_work_time',24,'24分');
INSERT INTO RCU_PARA_DEFINE(para_name,para_value,para_desc) VALUES('p_work_time',25,'25分');
INSERT INTO RCU_PARA_DEFINE(para_name,para_value,para_desc) VALUES('p_work_time',26,'26分');
INSERT INTO RCU_PARA_DEFINE(para_name,para_value,para_desc) VALUES('p_work_time',27,'27分');
INSERT INTO RCU_PARA_DEFINE(para_name,para_value,para_desc) VALUES('p_work_time',28,'28分');
INSERT INTO RCU_PARA_DEFINE(para_name,para_value,para_desc) VALUES('p_work_time',29,'29分');
INSERT INTO RCU_PARA_DEFINE(para_name,para_value,para_desc) VALUES('p_work_time',30,'30分');
INSERT INTO RCU_PARA_DEFINE(para_name,para_value,para_desc) VALUES('p_work_time',31,'31分');
INSERT INTO RCU_PARA_DEFINE(para_name,para_value,para_desc) VALUES('p_work_time',32,'32分');
INSERT INTO RCU_PARA_DEFINE(para_name,para_value,para_desc) VALUES('p_work_time',33,'33分');
INSERT INTO RCU_PARA_DEFINE(para_name,para_value,para_desc) VALUES('p_work_time',34,'34分');
INSERT INTO RCU_PARA_DEFINE(para_name,para_value,para_desc) VALUES('p_work_time',35,'35分');
INSERT INTO RCU_PARA_DEFINE(para_name,para_value,para_desc) VALUES('p_work_time',36,'36分');
INSERT INTO RCU_PARA_DEFINE(para_name,para_value,para_desc) VALUES('p_work_time',37,'37分');
INSERT INTO RCU_PARA_DEFINE(para_name,para_value,para_desc) VALUES('p_work_time',38,'38分');
INSERT INTO RCU_PARA_DEFINE(para_name,para_value,para_desc) VALUES('p_work_time',39,'39分');
INSERT INTO RCU_PARA_DEFINE(para_name,para_value,para_desc) VALUES('p_work_time',40,'40分');
INSERT INTO RCU_PARA_DEFINE(para_name,para_value,para_desc) VALUES('p_work_time',41,'41分');
INSERT INTO RCU_PARA_DEFINE(para_name,para_value,para_desc) VALUES('p_work_time',42,'42分');
INSERT INTO RCU_PARA_DEFINE(para_name,para_value,para_desc) VALUES('p_work_time',43,'43分');
INSERT INTO RCU_PARA_DEFINE(para_name,para_value,para_desc) VALUES('p_work_time',44,'44分');
INSERT INTO RCU_PARA_DEFINE(para_name,para_value,para_desc) VALUES('p_work_time',45,'45分');
INSERT INTO RCU_PARA_DEFINE(para_name,para_value,para_desc) VALUES('p_work_time',46,'46分');
INSERT INTO RCU_PARA_DEFINE(para_name,para_value,para_desc) VALUES('p_work_time',47,'47分');
INSERT INTO RCU_PARA_DEFINE(para_name,para_value,para_desc) VALUES('p_work_time',48,'48分');
INSERT INTO RCU_PARA_DEFINE(para_name,para_value,para_desc) VALUES('p_work_time',49,'49分');
INSERT INTO RCU_PARA_DEFINE(para_name,para_value,para_desc) VALUES('p_work_time',50,'50分');
INSERT INTO RCU_PARA_DEFINE(para_name,para_value,para_desc) VALUES('p_work_time',51,'51分');
INSERT INTO RCU_PARA_DEFINE(para_name,para_value,para_desc) VALUES('p_work_time',52,'52分');
INSERT INTO RCU_PARA_DEFINE(para_name,para_value,para_desc) VALUES('p_work_time',53,'53分');
INSERT INTO RCU_PARA_DEFINE(para_name,para_value,para_desc) VALUES('p_work_time',54,'54分');
INSERT INTO RCU_PARA_DEFINE(para_name,para_value,para_desc) VALUES('p_work_time',55,'55分');
INSERT INTO RCU_PARA_DEFINE(para_name,para_value,para_desc) VALUES('p_work_time',56,'56分');
INSERT INTO RCU_PARA_DEFINE(para_name,para_value,para_desc) VALUES('p_work_time',57,'57分');
INSERT INTO RCU_PARA_DEFINE(para_name,para_value,para_desc) VALUES('p_work_time',58,'58分');
INSERT INTO RCU_PARA_DEFINE(para_name,para_value,para_desc) VALUES('p_work_time',59,'59分');
INSERT INTO RCU_PARA_DEFINE(para_name,para_value,para_desc) VALUES('p_work_time',60,'60分');
INSERT INTO RCU_PARA_DEFINE(para_name,para_value,para_desc) VALUES('p_user_role',0,'程序员');
INSERT INTO RCU_PARA_DEFINE(para_name,para_value,para_desc) VALUES('p_user_role',1,'管理员');
INSERT INTO RCU_PARA_DEFINE(para_name,para_value,para_desc) VALUES('p_user_role',2,'高级用户');
INSERT INTO RCU_PARA_DEFINE(para_name,para_value,para_desc) VALUES('p_user_role',3,'普通用户');
INSERT INTO RCU_PARA_DEFINE(para_name,para_value,para_desc) VALUES('p_user_role',4,'客户');
INSERT INTO RCU_PARA_DEFINE(para_name,para_value,para_desc) VALUES('p_fresh_count',255,'一次');/*255对应自检命令的0xFF*/

DELETE FROM RCU_USER_INFO WHERE username = 'zxf529';
DELETE FROM RCU_USER_INFO WHERE username = 'admin';
DELETE FROM RCU_USER_INFO WHERE level >= 100; 
INSERT INTO RCU_USER_INFO (username,password,reg_time,login_count,last_time,level)  VALUES ('zxf529','zxf529',now(),0,now(),0);
INSERT INTO RCU_USER_INFO (username,password,reg_time,login_count,last_time,level)  VALUES ('admin','admin',now(),0,now(),1);
INSERT INTO RCU_USER_INFO (username,password,reg_time,login_count,last_time,level)  VALUES ('[RCU]',RAND(),now(),0,now(),100);
INSERT INTO RCU_USER_INFO (username,password,reg_time,login_count,last_time,level)  VALUES ('[LFC]',RAND(),now(),0,now(),100);
INSERT INTO RCU_USER_INFO (username,password,reg_time,login_count,last_time,level)  VALUES ('[FLOOR]',RAND(),now(),0,now(),100);
INSERT INTO RCU_USER_INFO (username,password,reg_time,login_count,last_time,level)  VALUES ('[ROOM]',RAND(),now(),0,now(),100);
INSERT INTO RCU_USER_INFO (username,password,reg_time,login_count,last_time,level)  VALUES ('[DAY]',RAND(),now(),0,now(),100);
INSERT INTO RCU_USER_INFO (username,password,reg_time,login_count,last_time,level)  VALUES ('[NIGHT]',RAND(),now(),0,now(),100);

DELETE FROM RCU_ROOMTYPE_DESC;
INSERT INTO RCU_ROOMTYPE_DESC (room_type,type_desc,type_image,width,height) VALUES (0,'标准房型','/resource/image/layout/room_type_0.png',828,483);

DELETE FROM RCU_GROUP_INFO;
DELETE FROM RCU_GROUP_DEFINE;

INSERT INTO RCU_GROUP_DEFINE (group_id, group_desc) VALUES (0,'房态');
INSERT INTO RCU_GROUP_DEFINE (group_id, group_desc) VALUES (1,'温度');
INSERT INTO RCU_GROUP_DEFINE (group_id, group_desc) VALUES (2,'地热');
INSERT INTO RCU_GROUP_DEFINE (group_id, group_desc) VALUES (3,'设置1');
INSERT INTO RCU_GROUP_DEFINE (group_id, group_desc) VALUES (4,'设置2');
INSERT INTO RCU_GROUP_DEFINE (group_id, group_desc) VALUES (5,'灯组1-8');
INSERT INTO RCU_GROUP_DEFINE (group_id, group_desc) VALUES (6,'灯组9-16');
INSERT INTO RCU_GROUP_DEFINE (group_id, group_desc) VALUES (7,'灯组17-24');
INSERT INTO RCU_GROUP_DEFINE (group_id, group_desc) VALUES (8,'灯组25-32');
INSERT INTO RCU_GROUP_DEFINE (group_id, group_desc) VALUES (9,'欢白1-8');
INSERT INTO RCU_GROUP_DEFINE (group_id, group_desc) VALUES (10,'欢白9-16');
INSERT INTO RCU_GROUP_DEFINE (group_id, group_desc) VALUES (11,'欢白17-24');
INSERT INTO RCU_GROUP_DEFINE (group_id, group_desc) VALUES (12,'欢白25-32');
INSERT INTO RCU_GROUP_DEFINE (group_id, group_desc) VALUES (13,'欢黑1-8');
INSERT INTO RCU_GROUP_DEFINE (group_id, group_desc) VALUES (14,'欢黑9-16');
INSERT INTO RCU_GROUP_DEFINE (group_id, group_desc) VALUES (15,'欢黑17-24');
INSERT INTO RCU_GROUP_DEFINE (group_id, group_desc) VALUES (16,'欢黑25-32');

INSERT INTO RCU_GROUP_INFO (group_id, state_name,state_pos,state_type) VALUES (0,'break_count',0,0);
INSERT INTO RCU_GROUP_INFO (group_id, state_name,state_pos,state_type) VALUES (0,'card',1,0);
INSERT INTO RCU_GROUP_INFO (group_id, state_name,state_pos,state_type) VALUES (0,'busy',2,0);
INSERT INTO RCU_GROUP_INFO (group_id, state_name,state_pos,state_type) VALUES (0,'wind_level',3,0);
INSERT INTO RCU_GROUP_INFO (group_id, state_name,state_pos,state_type) VALUES (0,'valve_state',4,0);
INSERT INTO RCU_GROUP_INFO (group_id, state_name,state_pos,state_type) VALUES (0,'room_temp',5,1);
INSERT INTO RCU_GROUP_INFO (group_id, state_name,state_pos,state_type) VALUES (0,'setting_temp',6,1);
INSERT INTO RCU_GROUP_INFO (group_id, state_name,state_pos,state_type) VALUES (0,'if_link',7,0);

INSERT INTO RCU_GROUP_INFO (group_id, state_name,state_pos,state_type) VALUES (1,'wind_level1',0,0);
INSERT INTO RCU_GROUP_INFO (group_id, state_name,state_pos,state_type) VALUES (1,'valve_state1',1,0);
INSERT INTO RCU_GROUP_INFO (group_id, state_name,state_pos,state_type) VALUES (1,'room_temp1',2,1);
INSERT INTO RCU_GROUP_INFO (group_id, state_name,state_pos,state_type) VALUES (1,'setting_temp1',3,1);
INSERT INTO RCU_GROUP_INFO (group_id, state_name,state_pos,state_type) VALUES (1,'wind_level2',4,0);
INSERT INTO RCU_GROUP_INFO (group_id, state_name,state_pos,state_type) VALUES (1,'valve_state2',5,0);
INSERT INTO RCU_GROUP_INFO (group_id, state_name,state_pos,state_type) VALUES (1,'room_temp2',6,1);
INSERT INTO RCU_GROUP_INFO (group_id, state_name,state_pos,state_type) VALUES (1,'setting_temp2',7,1);

INSERT INTO RCU_GROUP_INFO (group_id, state_name,state_pos,state_type) VALUES (2,'geotherm_state',0,0);
INSERT INTO RCU_GROUP_INFO (group_id, state_name,state_pos,state_type) VALUES (2,'geotherm_temp',1,2);
INSERT INTO RCU_GROUP_INFO (group_id, state_name,state_pos,state_type) VALUES (2,'setting_geotherm',2,2);

INSERT INTO RCU_GROUP_INFO (group_id, state_name,state_pos,state_type) VALUES (3,'temp_ctrl_dn',0,1);
INSERT INTO RCU_GROUP_INFO (group_id, state_name,state_pos,state_type) VALUES (3,'temp_ctrl_up',1,1);
INSERT INTO RCU_GROUP_INFO (group_id, state_name,state_pos,state_type) VALUES (3,'temp_hold_dn',2,1);
INSERT INTO RCU_GROUP_INFO (group_id, state_name,state_pos,state_type) VALUES (3,'temp_hold_up',3,1);
INSERT INTO RCU_GROUP_INFO (group_id, state_name,state_pos,state_type) VALUES (3,'set_wind_level',4,0);
INSERT INTO RCU_GROUP_INFO (group_id, state_name,state_pos,state_type) VALUES (3,'run_time',5,2);
INSERT INTO RCU_GROUP_INFO (group_id, state_name,state_pos,state_type) VALUES (3,'stop_time',6,2);

INSERT INTO RCU_GROUP_INFO (group_id, state_name,state_pos,state_type) VALUES (4,'ctrl_mode',0,0);
INSERT INTO RCU_GROUP_INFO (group_id, state_name,state_pos,state_type) VALUES (4,'season_mode',1,0);
INSERT INTO RCU_GROUP_INFO (group_id, state_name,state_pos,state_type) VALUES (4,'door_clock',2,0);
INSERT INTO RCU_GROUP_INFO (group_id, state_name,state_pos,state_type) VALUES (4,'card_delay',3,2);
INSERT INTO RCU_GROUP_INFO (group_id, state_name,state_pos,state_type) VALUES (4,'temp_comp',4,2);
INSERT INTO RCU_GROUP_INFO (group_id, state_name,state_pos,state_type) VALUES (4,'set_link',5,0);

INSERT INTO RCU_GROUP_INFO (group_id, state_name,state_pos,state_type) VALUES (5,'light_state_1',0,0);
INSERT INTO RCU_GROUP_INFO (group_id, state_name,state_pos,state_type) VALUES (5,'light_state_2',1,0);
INSERT INTO RCU_GROUP_INFO (group_id, state_name,state_pos,state_type) VALUES (5,'light_state_3',2,0);
INSERT INTO RCU_GROUP_INFO (group_id, state_name,state_pos,state_type) VALUES (5,'light_state_4',3,0);
INSERT INTO RCU_GROUP_INFO (group_id, state_name,state_pos,state_type) VALUES (5,'light_state_5',4,0);
INSERT INTO RCU_GROUP_INFO (group_id, state_name,state_pos,state_type) VALUES (5,'light_state_6',5,0);
INSERT INTO RCU_GROUP_INFO (group_id, state_name,state_pos,state_type) VALUES (5,'light_state_7',6,0);
INSERT INTO RCU_GROUP_INFO (group_id, state_name,state_pos,state_type) VALUES (5,'light_state_8',7,0);

INSERT INTO RCU_GROUP_INFO (group_id, state_name,state_pos,state_type) VALUES (6,'light_state_9',0,0);
INSERT INTO RCU_GROUP_INFO (group_id, state_name,state_pos,state_type) VALUES (6,'light_state_10',1,0);
INSERT INTO RCU_GROUP_INFO (group_id, state_name,state_pos,state_type) VALUES (6,'light_state_11',2,0);
INSERT INTO RCU_GROUP_INFO (group_id, state_name,state_pos,state_type) VALUES (6,'light_state_12',3,0);
INSERT INTO RCU_GROUP_INFO (group_id, state_name,state_pos,state_type) VALUES (6,'light_state_13',4,0);
INSERT INTO RCU_GROUP_INFO (group_id, state_name,state_pos,state_type) VALUES (6,'light_state_14',5,0);
INSERT INTO RCU_GROUP_INFO (group_id, state_name,state_pos,state_type) VALUES (6,'light_state_15',6,0);
INSERT INTO RCU_GROUP_INFO (group_id, state_name,state_pos,state_type) VALUES (6,'light_state_16',7,0);

INSERT INTO RCU_GROUP_INFO (group_id, state_name,state_pos,state_type) VALUES (7,'light_state_17',0,0);
INSERT INTO RCU_GROUP_INFO (group_id, state_name,state_pos,state_type) VALUES (7,'light_state_18',1,0);
INSERT INTO RCU_GROUP_INFO (group_id, state_name,state_pos,state_type) VALUES (7,'light_state_19',2,0);
INSERT INTO RCU_GROUP_INFO (group_id, state_name,state_pos,state_type) VALUES (7,'light_state_20',3,0);
INSERT INTO RCU_GROUP_INFO (group_id, state_name,state_pos,state_type) VALUES (7,'light_state_21',4,0);
INSERT INTO RCU_GROUP_INFO (group_id, state_name,state_pos,state_type) VALUES (7,'light_state_22',5,0);
INSERT INTO RCU_GROUP_INFO (group_id, state_name,state_pos,state_type) VALUES (7,'light_state_23',6,0);
INSERT INTO RCU_GROUP_INFO (group_id, state_name,state_pos,state_type) VALUES (7,'light_state_24',7,0);

INSERT INTO RCU_GROUP_INFO (group_id, state_name,state_pos,state_type) VALUES (8,'light_state_25',0,0);
INSERT INTO RCU_GROUP_INFO (group_id, state_name,state_pos,state_type) VALUES (8,'light_state_26',1,0);
INSERT INTO RCU_GROUP_INFO (group_id, state_name,state_pos,state_type) VALUES (8,'light_state_27',2,0);
INSERT INTO RCU_GROUP_INFO (group_id, state_name,state_pos,state_type) VALUES (8,'light_state_28',3,0);
INSERT INTO RCU_GROUP_INFO (group_id, state_name,state_pos,state_type) VALUES (8,'light_state_29',4,0);
INSERT INTO RCU_GROUP_INFO (group_id, state_name,state_pos,state_type) VALUES (8,'light_state_30',5,0);
INSERT INTO RCU_GROUP_INFO (group_id, state_name,state_pos,state_type) VALUES (8,'light_state_31',6,0);
INSERT INTO RCU_GROUP_INFO (group_id, state_name,state_pos,state_type) VALUES (8,'light_state_32',7,0);

INSERT INTO RCU_GROUP_INFO (group_id, state_name,state_pos,state_type) VALUES (9,'light_day_1',0,0);
INSERT INTO RCU_GROUP_INFO (group_id, state_name,state_pos,state_type) VALUES (9,'light_day_2',1,0);
INSERT INTO RCU_GROUP_INFO (group_id, state_name,state_pos,state_type) VALUES (9,'light_day_3',2,0);
INSERT INTO RCU_GROUP_INFO (group_id, state_name,state_pos,state_type) VALUES (9,'light_day_4',3,0);
INSERT INTO RCU_GROUP_INFO (group_id, state_name,state_pos,state_type) VALUES (9,'light_day_5',4,0);
INSERT INTO RCU_GROUP_INFO (group_id, state_name,state_pos,state_type) VALUES (9,'light_day_6',5,0);
INSERT INTO RCU_GROUP_INFO (group_id, state_name,state_pos,state_type) VALUES (9,'light_day_7',6,0);
INSERT INTO RCU_GROUP_INFO (group_id, state_name,state_pos,state_type) VALUES (9,'light_day_8',7,0);

INSERT INTO RCU_GROUP_INFO (group_id, state_name,state_pos,state_type) VALUES (10,'light_day_9',0,0);
INSERT INTO RCU_GROUP_INFO (group_id, state_name,state_pos,state_type) VALUES (10,'light_day_10',1,0);
INSERT INTO RCU_GROUP_INFO (group_id, state_name,state_pos,state_type) VALUES (10,'light_day_11',2,0);
INSERT INTO RCU_GROUP_INFO (group_id, state_name,state_pos,state_type) VALUES (10,'light_day_12',3,0);
INSERT INTO RCU_GROUP_INFO (group_id, state_name,state_pos,state_type) VALUES (10,'light_day_13',4,0);
INSERT INTO RCU_GROUP_INFO (group_id, state_name,state_pos,state_type) VALUES (10,'light_day_14',5,0);
INSERT INTO RCU_GROUP_INFO (group_id, state_name,state_pos,state_type) VALUES (10,'light_day_15',6,0);
INSERT INTO RCU_GROUP_INFO (group_id, state_name,state_pos,state_type) VALUES (10,'light_day_16',7,0);

INSERT INTO RCU_GROUP_INFO (group_id, state_name,state_pos,state_type) VALUES (11,'light_day_17',0,0);
INSERT INTO RCU_GROUP_INFO (group_id, state_name,state_pos,state_type) VALUES (11,'light_day_18',1,0);
INSERT INTO RCU_GROUP_INFO (group_id, state_name,state_pos,state_type) VALUES (11,'light_day_19',2,0);
INSERT INTO RCU_GROUP_INFO (group_id, state_name,state_pos,state_type) VALUES (11,'light_day_20',3,0);
INSERT INTO RCU_GROUP_INFO (group_id, state_name,state_pos,state_type) VALUES (11,'light_day_21',4,0);
INSERT INTO RCU_GROUP_INFO (group_id, state_name,state_pos,state_type) VALUES (11,'light_day_22',5,0);
INSERT INTO RCU_GROUP_INFO (group_id, state_name,state_pos,state_type) VALUES (11,'light_day_23',6,0);
INSERT INTO RCU_GROUP_INFO (group_id, state_name,state_pos,state_type) VALUES (11,'light_day_24',7,0);

INSERT INTO RCU_GROUP_INFO (group_id, state_name,state_pos,state_type) VALUES (12,'light_day_25',0,0);
INSERT INTO RCU_GROUP_INFO (group_id, state_name,state_pos,state_type) VALUES (12,'light_day_26',1,0);
INSERT INTO RCU_GROUP_INFO (group_id, state_name,state_pos,state_type) VALUES (12,'light_day_27',2,0);
INSERT INTO RCU_GROUP_INFO (group_id, state_name,state_pos,state_type) VALUES (12,'light_day_28',3,0);
INSERT INTO RCU_GROUP_INFO (group_id, state_name,state_pos,state_type) VALUES (12,'light_day_29',4,0);
INSERT INTO RCU_GROUP_INFO (group_id, state_name,state_pos,state_type) VALUES (12,'light_day_30',5,0);
INSERT INTO RCU_GROUP_INFO (group_id, state_name,state_pos,state_type) VALUES (12,'light_day_31',6,0);
INSERT INTO RCU_GROUP_INFO (group_id, state_name,state_pos,state_type) VALUES (12,'light_day_32',7,0);

INSERT INTO RCU_GROUP_INFO (group_id, state_name,state_pos,state_type) VALUES (13,'light_night_1',0,0);
INSERT INTO RCU_GROUP_INFO (group_id, state_name,state_pos,state_type) VALUES (13,'light_night_2',1,0);
INSERT INTO RCU_GROUP_INFO (group_id, state_name,state_pos,state_type) VALUES (13,'light_night_3',2,0);
INSERT INTO RCU_GROUP_INFO (group_id, state_name,state_pos,state_type) VALUES (13,'light_night_4',3,0);
INSERT INTO RCU_GROUP_INFO (group_id, state_name,state_pos,state_type) VALUES (13,'light_night_5',4,0);
INSERT INTO RCU_GROUP_INFO (group_id, state_name,state_pos,state_type) VALUES (13,'light_night_6',5,0);
INSERT INTO RCU_GROUP_INFO (group_id, state_name,state_pos,state_type) VALUES (13,'light_night_7',6,0);
INSERT INTO RCU_GROUP_INFO (group_id, state_name,state_pos,state_type) VALUES (13,'light_night_8',7,0);

INSERT INTO RCU_GROUP_INFO (group_id, state_name,state_pos,state_type) VALUES (14,'light_night_9',0,0);
INSERT INTO RCU_GROUP_INFO (group_id, state_name,state_pos,state_type) VALUES (14,'light_night_10',1,0);
INSERT INTO RCU_GROUP_INFO (group_id, state_name,state_pos,state_type) VALUES (14,'light_night_11',2,0);
INSERT INTO RCU_GROUP_INFO (group_id, state_name,state_pos,state_type) VALUES (14,'light_night_12',3,0);
INSERT INTO RCU_GROUP_INFO (group_id, state_name,state_pos,state_type) VALUES (14,'light_night_13',4,0);
INSERT INTO RCU_GROUP_INFO (group_id, state_name,state_pos,state_type) VALUES (14,'light_night_14',5,0);
INSERT INTO RCU_GROUP_INFO (group_id, state_name,state_pos,state_type) VALUES (14,'light_night_15',6,0);
INSERT INTO RCU_GROUP_INFO (group_id, state_name,state_pos,state_type) VALUES (14,'light_night_16',7,0);

INSERT INTO RCU_GROUP_INFO (group_id, state_name,state_pos,state_type) VALUES (15,'light_night_17',0,0);
INSERT INTO RCU_GROUP_INFO (group_id, state_name,state_pos,state_type) VALUES (15,'light_night_18',1,0);
INSERT INTO RCU_GROUP_INFO (group_id, state_name,state_pos,state_type) VALUES (15,'light_night_19',2,0);
INSERT INTO RCU_GROUP_INFO (group_id, state_name,state_pos,state_type) VALUES (15,'light_night_20',3,0);
INSERT INTO RCU_GROUP_INFO (group_id, state_name,state_pos,state_type) VALUES (15,'light_night_21',4,0);
INSERT INTO RCU_GROUP_INFO (group_id, state_name,state_pos,state_type) VALUES (15,'light_night_22',5,0);
INSERT INTO RCU_GROUP_INFO (group_id, state_name,state_pos,state_type) VALUES (15,'light_night_23',6,0);
INSERT INTO RCU_GROUP_INFO (group_id, state_name,state_pos,state_type) VALUES (15,'light_night_24',7,0);

INSERT INTO RCU_GROUP_INFO (group_id, state_name,state_pos,state_type) VALUES (16,'light_night_25',0,0);
INSERT INTO RCU_GROUP_INFO (group_id, state_name,state_pos,state_type) VALUES (16,'light_night_26',1,0);
INSERT INTO RCU_GROUP_INFO (group_id, state_name,state_pos,state_type) VALUES (16,'light_night_27',2,0);
INSERT INTO RCU_GROUP_INFO (group_id, state_name,state_pos,state_type) VALUES (16,'light_night_28',3,0);
INSERT INTO RCU_GROUP_INFO (group_id, state_name,state_pos,state_type) VALUES (16,'light_night_29',4,0);
INSERT INTO RCU_GROUP_INFO (group_id, state_name,state_pos,state_type) VALUES (16,'light_night_30',5,0);
INSERT INTO RCU_GROUP_INFO (group_id, state_name,state_pos,state_type) VALUES (16,'light_night_31',6,0);
INSERT INTO RCU_GROUP_INFO (group_id, state_name,state_pos,state_type) VALUES (16,'light_night_32',7,0);

DELETE FROM RCU_TOOLBAR_ITEMS;
DELETE FROM RCU_TOOLBAR_DEFINE;

INSERT INTO RCU_TOOLBAR_DEFINE (tool_name,tool_desc,tool_pos,lowest_level) VALUES ('user','账户设置',0,3);
INSERT INTO RCU_TOOLBAR_DEFINE (tool_name,tool_desc,tool_pos,lowest_level) VALUES ('cmd','发送指令',1,2);
INSERT INTO RCU_TOOLBAR_DEFINE (tool_name,tool_desc,tool_pos,lowest_level) VALUES ('rooms','房间变更',2,1);
INSERT INTO RCU_TOOLBAR_DEFINE (tool_name,tool_desc,tool_pos,lowest_level) VALUES ('search','高级搜索',3,3);
INSERT INTO RCU_TOOLBAR_DEFINE (tool_name,tool_desc,tool_pos,lowest_level) VALUES ('alert','报警信息',4,3);
INSERT INTO RCU_TOOLBAR_DEFINE (tool_name,tool_desc,tool_pos,lowest_level) VALUES ('stat','统计信息',5,0);
INSERT INTO RCU_TOOLBAR_DEFINE (tool_name,tool_desc,tool_pos,lowest_level) VALUES ('log','日志信息',6,2);
INSERT INTO RCU_TOOLBAR_DEFINE (tool_name,tool_desc,tool_pos,lowest_level) VALUES ('config','参数配置',7,2);
INSERT INTO RCU_TOOLBAR_DEFINE (tool_name,tool_desc,tool_pos,lowest_level) VALUES ('help','帮助文档',8,0);

INSERT INTO RCU_TOOLBAR_ITEMS (tool_name,item_name,item_desc,item_pos,lowest_level) VALUES ('user','add','新增用户',0,2);
INSERT INTO RCU_TOOLBAR_ITEMS (tool_name,item_name,item_desc,item_pos,lowest_level) VALUES ('user','del','删除用户',1,2);
INSERT INTO RCU_TOOLBAR_ITEMS (tool_name,item_name,item_desc,item_pos,lowest_level) VALUES ('user','chgpass','修改密码',2,3);
INSERT INTO RCU_TOOLBAR_ITEMS (tool_name,item_name,item_desc,item_pos,lowest_level) VALUES ('user','chglevel','修改权限',3,2);
INSERT INTO RCU_TOOLBAR_ITEMS (tool_name,item_name,item_desc,item_pos,lowest_level) VALUES ('rooms','add','增删房间',0,1);
INSERT INTO RCU_TOOLBAR_ITEMS (tool_name,item_name,item_desc,item_pos,lowest_level) VALUES ('rooms','merge','连通房间',1,1);
INSERT INTO RCU_TOOLBAR_ITEMS (tool_name,item_name,item_desc,item_pos,lowest_level) VALUES ('rooms','rename','房间改名',2,1);
INSERT INTO RCU_TOOLBAR_ITEMS (tool_name,item_name,item_desc,item_pos,lowest_level) VALUES ('rooms','order','房间排序',3,0);
INSERT INTO RCU_TOOLBAR_ITEMS (tool_name,item_name,item_desc,item_pos,lowest_level) VALUES ('cmd','poll','刷新命令',0,2);
INSERT INTO RCU_TOOLBAR_ITEMS (tool_name,item_name,item_desc,item_pos,lowest_level) VALUES ('cmd','card_delay','拔卡延迟',1,2);
INSERT INTO RCU_TOOLBAR_ITEMS (tool_name,item_name,item_desc,item_pos,lowest_level) VALUES ('cmd','door_clock','门钟设置',2,2);
INSERT INTO RCU_TOOLBAR_ITEMS (tool_name,item_name,item_desc,item_pos,lowest_level) VALUES ('cmd','light_ctrl','远程灯组',3,2);
INSERT INTO RCU_TOOLBAR_ITEMS (tool_name,item_name,item_desc,item_pos,lowest_level) VALUES ('cmd','air_ctrl','远程空调',4,2);
INSERT INTO RCU_TOOLBAR_ITEMS (tool_name,item_name,item_desc,item_pos,lowest_level) VALUES ('cmd','temp_ctrl','温度限制',5,2);
INSERT INTO RCU_TOOLBAR_ITEMS (tool_name,item_name,item_desc,item_pos,lowest_level) VALUES ('cmd','mode_set','模式设置',6,2);
INSERT INTO RCU_TOOLBAR_ITEMS (tool_name,item_name,item_desc,item_pos,lowest_level) VALUES ('cmd','in_set','入住设置',7,0);
INSERT INTO RCU_TOOLBAR_ITEMS (tool_name,item_name,item_desc,item_pos,lowest_level) VALUES ('cmd','day_set','欢迎白天',8,2);
INSERT INTO RCU_TOOLBAR_ITEMS (tool_name,item_name,item_desc,item_pos,lowest_level) VALUES ('cmd','night_set','欢迎夜晚',9,2);
INSERT INTO RCU_TOOLBAR_ITEMS (tool_name,item_name,item_desc,item_pos,lowest_level) VALUES ('cmd','wind_set','风机设置',10,2);
INSERT INTO RCU_TOOLBAR_ITEMS (tool_name,item_name,item_desc,item_pos,lowest_level) VALUES ('cmd','temp_comp','温度补偿',11,2);
INSERT INTO RCU_TOOLBAR_ITEMS (tool_name,item_name,item_desc,item_pos,lowest_level) VALUES ('cmd','geotherm_set','地热设置',12,2);
/*INSERT INTO RCU_TOOLBAR_ITEMS (tool_name,item_name,item_desc,item_pos,lowest_level) VALUES ('cmd','link_set','连通设置',13,2);*/
/*TODO 组合搜索 暂时改名 状态搜索*/
INSERT INTO RCU_TOOLBAR_ITEMS (tool_name,item_name,item_desc,item_pos,lowest_level) VALUES ('search','complex','状态搜索',0,3);
INSERT INTO RCU_TOOLBAR_ITEMS (tool_name,item_name,item_desc,item_pos,lowest_level) VALUES ('config','poll','轮检设置',0,2);
/*INSERT INTO RCU_TOOLBAR_ITEMS (tool_name,item_name,item_desc,item_pos,lowest_level) VALUES ('config','opera','Op设置',1,2);*/
INSERT INTO RCU_TOOLBAR_ITEMS (tool_name,item_name,item_desc,item_pos,lowest_level) VALUES ('config','alert','报警设置',2,2);
INSERT INTO RCU_TOOLBAR_ITEMS (tool_name,item_name,item_desc,item_pos,lowest_level) VALUES ('config','mode','黑白设置',3,2);
INSERT INTO RCU_TOOLBAR_ITEMS (tool_name,item_name,item_desc,item_pos,lowest_level) VALUES ('log','cmd','命令日志',0,2);
INSERT INTO RCU_TOOLBAR_ITEMS (tool_name,item_name,item_desc,item_pos,lowest_level) VALUES ('alert','temp','温度报警',0,3);

DELETE FROM RCU_CONFIG_DEFINE;
DELETE FROM RCU_CONFIG_PARAM;

INSERT INTO RCU_CONFIG_PARAM (cfg_name,cfg_value) VALUES ('config_poll',5);
/*INSERT INTO RCU_CONFIG_PARAM (cfg_name,cfg_value) VALUES ('config_opera',0);*/
/*报警温度*/
INSERT INTO RCU_CONFIG_PARAM (cfg_name,cfg_value) VALUES ('config_min_temp',15);
INSERT INTO RCU_CONFIG_PARAM (cfg_name,cfg_value) VALUES ('config_max_temp',30);
/*黑白设置*/
INSERT INTO RCU_CONFIG_PARAM (cfg_name,cfg_value) VALUES ('config_day',6);
INSERT INTO RCU_CONFIG_PARAM (cfg_name,cfg_value) VALUES ('config_night',18);
/*布局设置*/
/*TODO 未来应该改成admin用户可以自己定义的*/
INSERT INTO RCU_CONFIG_PARAM (cfg_name,cfg_value) VALUES ('config_row_count',2);
INSERT INTO RCU_CONFIG_PARAM (cfg_name,cfg_value) VALUES ('config_col_count',4);

/*INSERT INTO RCU_CONFIG_DEFINE (cfg_name,cfg_value,cfg_text) VALUES ('config_poll',0,'自动模式');
INSERT INTO RCU_CONFIG_DEFINE (cfg_name,cfg_value,cfg_text) VALUES ('config_poll',1,'轮询模式');*/
INSERT INTO RCU_CONFIG_DEFINE (cfg_name,cfg_value,cfg_text) VALUES ('config_poll',2,'自检模式');
/*INSERT INTO RCU_CONFIG_DEFINE (cfg_name,cfg_value,cfg_text) VALUES ('config_poll',3,'白天模式');
INSERT INTO RCU_CONFIG_DEFINE (cfg_name,cfg_value,cfg_text) VALUES ('config_poll',4,'夜晚模式');*/
INSERT INTO RCU_CONFIG_DEFINE (cfg_name,cfg_value,cfg_text) VALUES ('config_poll',5,'被动模式');
/*INSERT INTO RCU_CONFIG_DEFINE (cfg_name,cfg_value,cfg_text) VALUES ('config_opera',0,'待机模式');
INSERT INTO RCU_CONFIG_DEFINE (cfg_name,cfg_value,cfg_text) VALUES ('config_opera',1,'发送模式');*/
INSERT INTO RCU_CONFIG_DEFINE (cfg_name,cfg_value,cfg_text) VALUES ('config_min_temp',0,'0℃');
INSERT INTO RCU_CONFIG_DEFINE (cfg_name,cfg_value,cfg_text) VALUES ('config_min_temp',1,'1℃');
INSERT INTO RCU_CONFIG_DEFINE (cfg_name,cfg_value,cfg_text) VALUES ('config_min_temp',2,'2℃');
INSERT INTO RCU_CONFIG_DEFINE (cfg_name,cfg_value,cfg_text) VALUES ('config_min_temp',3,'3℃');
INSERT INTO RCU_CONFIG_DEFINE (cfg_name,cfg_value,cfg_text) VALUES ('config_min_temp',4,'4℃');
INSERT INTO RCU_CONFIG_DEFINE (cfg_name,cfg_value,cfg_text) VALUES ('config_min_temp',5,'5℃');
INSERT INTO RCU_CONFIG_DEFINE (cfg_name,cfg_value,cfg_text) VALUES ('config_min_temp',6,'6℃');
INSERT INTO RCU_CONFIG_DEFINE (cfg_name,cfg_value,cfg_text) VALUES ('config_min_temp',7,'7℃');
INSERT INTO RCU_CONFIG_DEFINE (cfg_name,cfg_value,cfg_text) VALUES ('config_min_temp',8,'8℃');
INSERT INTO RCU_CONFIG_DEFINE (cfg_name,cfg_value,cfg_text) VALUES ('config_min_temp',9,'9℃');
INSERT INTO RCU_CONFIG_DEFINE (cfg_name,cfg_value,cfg_text) VALUES ('config_min_temp',10,'10℃');
INSERT INTO RCU_CONFIG_DEFINE (cfg_name,cfg_value,cfg_text) VALUES ('config_min_temp',11,'11℃');
INSERT INTO RCU_CONFIG_DEFINE (cfg_name,cfg_value,cfg_text) VALUES ('config_min_temp',12,'12℃');
INSERT INTO RCU_CONFIG_DEFINE (cfg_name,cfg_value,cfg_text) VALUES ('config_min_temp',13,'13℃');
INSERT INTO RCU_CONFIG_DEFINE (cfg_name,cfg_value,cfg_text) VALUES ('config_min_temp',14,'14℃');
INSERT INTO RCU_CONFIG_DEFINE (cfg_name,cfg_value,cfg_text) VALUES ('config_min_temp',15,'15℃');
INSERT INTO RCU_CONFIG_DEFINE (cfg_name,cfg_value,cfg_text) VALUES ('config_min_temp',16,'16℃');
INSERT INTO RCU_CONFIG_DEFINE (cfg_name,cfg_value,cfg_text) VALUES ('config_min_temp',17,'17℃');
INSERT INTO RCU_CONFIG_DEFINE (cfg_name,cfg_value,cfg_text) VALUES ('config_min_temp',18,'18℃');
INSERT INTO RCU_CONFIG_DEFINE (cfg_name,cfg_value,cfg_text) VALUES ('config_min_temp',19,'19℃');
INSERT INTO RCU_CONFIG_DEFINE (cfg_name,cfg_value,cfg_text) VALUES ('config_min_temp',20,'20℃');
INSERT INTO RCU_CONFIG_DEFINE (cfg_name,cfg_value,cfg_text) VALUES ('config_min_temp',21,'21℃');
INSERT INTO RCU_CONFIG_DEFINE (cfg_name,cfg_value,cfg_text) VALUES ('config_min_temp',22,'22℃');
INSERT INTO RCU_CONFIG_DEFINE (cfg_name,cfg_value,cfg_text) VALUES ('config_min_temp',23,'23℃');
INSERT INTO RCU_CONFIG_DEFINE (cfg_name,cfg_value,cfg_text) VALUES ('config_min_temp',24,'24℃');
INSERT INTO RCU_CONFIG_DEFINE (cfg_name,cfg_value,cfg_text) VALUES ('config_min_temp',25,'25℃');
INSERT INTO RCU_CONFIG_DEFINE (cfg_name,cfg_value,cfg_text) VALUES ('config_min_temp',26,'26℃');
INSERT INTO RCU_CONFIG_DEFINE (cfg_name,cfg_value,cfg_text) VALUES ('config_min_temp',27,'27℃');
INSERT INTO RCU_CONFIG_DEFINE (cfg_name,cfg_value,cfg_text) VALUES ('config_min_temp',28,'28℃');
INSERT INTO RCU_CONFIG_DEFINE (cfg_name,cfg_value,cfg_text) VALUES ('config_min_temp',29,'29℃');
INSERT INTO RCU_CONFIG_DEFINE (cfg_name,cfg_value,cfg_text) VALUES ('config_min_temp',30,'30℃');
INSERT INTO RCU_CONFIG_DEFINE (cfg_name,cfg_value,cfg_text) VALUES ('config_min_temp',31,'31℃');
INSERT INTO RCU_CONFIG_DEFINE (cfg_name,cfg_value,cfg_text) VALUES ('config_min_temp',32,'32℃');
INSERT INTO RCU_CONFIG_DEFINE (cfg_name,cfg_value,cfg_text) VALUES ('config_min_temp',33,'33℃');
INSERT INTO RCU_CONFIG_DEFINE (cfg_name,cfg_value,cfg_text) VALUES ('config_min_temp',34,'34℃');
INSERT INTO RCU_CONFIG_DEFINE (cfg_name,cfg_value,cfg_text) VALUES ('config_min_temp',35,'35℃');
INSERT INTO RCU_CONFIG_DEFINE (cfg_name,cfg_value,cfg_text) VALUES ('config_min_temp',36,'36℃');
INSERT INTO RCU_CONFIG_DEFINE (cfg_name,cfg_value,cfg_text) VALUES ('config_min_temp',37,'37℃');
INSERT INTO RCU_CONFIG_DEFINE (cfg_name,cfg_value,cfg_text) VALUES ('config_min_temp',38,'38℃');
INSERT INTO RCU_CONFIG_DEFINE (cfg_name,cfg_value,cfg_text) VALUES ('config_min_temp',39,'39℃');
INSERT INTO RCU_CONFIG_DEFINE (cfg_name,cfg_value,cfg_text) VALUES ('config_min_temp',40,'40℃');
INSERT INTO RCU_CONFIG_DEFINE (cfg_name,cfg_value,cfg_text) VALUES ('config_min_temp',41,'41℃');
INSERT INTO RCU_CONFIG_DEFINE (cfg_name,cfg_value,cfg_text) VALUES ('config_min_temp',42,'42℃');
INSERT INTO RCU_CONFIG_DEFINE (cfg_name,cfg_value,cfg_text) VALUES ('config_min_temp',43,'43℃');
INSERT INTO RCU_CONFIG_DEFINE (cfg_name,cfg_value,cfg_text) VALUES ('config_min_temp',44,'44℃');
INSERT INTO RCU_CONFIG_DEFINE (cfg_name,cfg_value,cfg_text) VALUES ('config_min_temp',45,'45℃');
INSERT INTO RCU_CONFIG_DEFINE (cfg_name,cfg_value,cfg_text) VALUES ('config_min_temp',46,'46℃');
INSERT INTO RCU_CONFIG_DEFINE (cfg_name,cfg_value,cfg_text) VALUES ('config_min_temp',47,'47℃');
INSERT INTO RCU_CONFIG_DEFINE (cfg_name,cfg_value,cfg_text) VALUES ('config_min_temp',48,'48℃');
INSERT INTO RCU_CONFIG_DEFINE (cfg_name,cfg_value,cfg_text) VALUES ('config_min_temp',49,'49℃');
INSERT INTO RCU_CONFIG_DEFINE (cfg_name,cfg_value,cfg_text) VALUES ('config_min_temp',50,'50℃');
INSERT INTO RCU_CONFIG_DEFINE (cfg_name,cfg_value,cfg_text) VALUES ('config_max_temp',0,'0℃');
INSERT INTO RCU_CONFIG_DEFINE (cfg_name,cfg_value,cfg_text) VALUES ('config_max_temp',1,'1℃');
INSERT INTO RCU_CONFIG_DEFINE (cfg_name,cfg_value,cfg_text) VALUES ('config_max_temp',2,'2℃');
INSERT INTO RCU_CONFIG_DEFINE (cfg_name,cfg_value,cfg_text) VALUES ('config_max_temp',3,'3℃');
INSERT INTO RCU_CONFIG_DEFINE (cfg_name,cfg_value,cfg_text) VALUES ('config_max_temp',4,'4℃');
INSERT INTO RCU_CONFIG_DEFINE (cfg_name,cfg_value,cfg_text) VALUES ('config_max_temp',5,'5℃');
INSERT INTO RCU_CONFIG_DEFINE (cfg_name,cfg_value,cfg_text) VALUES ('config_max_temp',6,'6℃');
INSERT INTO RCU_CONFIG_DEFINE (cfg_name,cfg_value,cfg_text) VALUES ('config_max_temp',7,'7℃');
INSERT INTO RCU_CONFIG_DEFINE (cfg_name,cfg_value,cfg_text) VALUES ('config_max_temp',8,'8℃');
INSERT INTO RCU_CONFIG_DEFINE (cfg_name,cfg_value,cfg_text) VALUES ('config_max_temp',9,'9℃');
INSERT INTO RCU_CONFIG_DEFINE (cfg_name,cfg_value,cfg_text) VALUES ('config_max_temp',10,'10℃');
INSERT INTO RCU_CONFIG_DEFINE (cfg_name,cfg_value,cfg_text) VALUES ('config_max_temp',11,'11℃');
INSERT INTO RCU_CONFIG_DEFINE (cfg_name,cfg_value,cfg_text) VALUES ('config_max_temp',12,'12℃');
INSERT INTO RCU_CONFIG_DEFINE (cfg_name,cfg_value,cfg_text) VALUES ('config_max_temp',13,'13℃');
INSERT INTO RCU_CONFIG_DEFINE (cfg_name,cfg_value,cfg_text) VALUES ('config_max_temp',14,'14℃');
INSERT INTO RCU_CONFIG_DEFINE (cfg_name,cfg_value,cfg_text) VALUES ('config_max_temp',15,'15℃');
INSERT INTO RCU_CONFIG_DEFINE (cfg_name,cfg_value,cfg_text) VALUES ('config_max_temp',16,'16℃');
INSERT INTO RCU_CONFIG_DEFINE (cfg_name,cfg_value,cfg_text) VALUES ('config_max_temp',17,'17℃');
INSERT INTO RCU_CONFIG_DEFINE (cfg_name,cfg_value,cfg_text) VALUES ('config_max_temp',18,'18℃');
INSERT INTO RCU_CONFIG_DEFINE (cfg_name,cfg_value,cfg_text) VALUES ('config_max_temp',19,'19℃');
INSERT INTO RCU_CONFIG_DEFINE (cfg_name,cfg_value,cfg_text) VALUES ('config_max_temp',20,'20℃');
INSERT INTO RCU_CONFIG_DEFINE (cfg_name,cfg_value,cfg_text) VALUES ('config_max_temp',21,'21℃');
INSERT INTO RCU_CONFIG_DEFINE (cfg_name,cfg_value,cfg_text) VALUES ('config_max_temp',22,'22℃');
INSERT INTO RCU_CONFIG_DEFINE (cfg_name,cfg_value,cfg_text) VALUES ('config_max_temp',23,'23℃');
INSERT INTO RCU_CONFIG_DEFINE (cfg_name,cfg_value,cfg_text) VALUES ('config_max_temp',24,'24℃');
INSERT INTO RCU_CONFIG_DEFINE (cfg_name,cfg_value,cfg_text) VALUES ('config_max_temp',25,'25℃');
INSERT INTO RCU_CONFIG_DEFINE (cfg_name,cfg_value,cfg_text) VALUES ('config_max_temp',26,'26℃');
INSERT INTO RCU_CONFIG_DEFINE (cfg_name,cfg_value,cfg_text) VALUES ('config_max_temp',27,'27℃');
INSERT INTO RCU_CONFIG_DEFINE (cfg_name,cfg_value,cfg_text) VALUES ('config_max_temp',28,'28℃');
INSERT INTO RCU_CONFIG_DEFINE (cfg_name,cfg_value,cfg_text) VALUES ('config_max_temp',29,'29℃');
INSERT INTO RCU_CONFIG_DEFINE (cfg_name,cfg_value,cfg_text) VALUES ('config_max_temp',30,'30℃');
INSERT INTO RCU_CONFIG_DEFINE (cfg_name,cfg_value,cfg_text) VALUES ('config_max_temp',31,'31℃');
INSERT INTO RCU_CONFIG_DEFINE (cfg_name,cfg_value,cfg_text) VALUES ('config_max_temp',32,'32℃');
INSERT INTO RCU_CONFIG_DEFINE (cfg_name,cfg_value,cfg_text) VALUES ('config_max_temp',33,'33℃');
INSERT INTO RCU_CONFIG_DEFINE (cfg_name,cfg_value,cfg_text) VALUES ('config_max_temp',34,'34℃');
INSERT INTO RCU_CONFIG_DEFINE (cfg_name,cfg_value,cfg_text) VALUES ('config_max_temp',35,'35℃');
INSERT INTO RCU_CONFIG_DEFINE (cfg_name,cfg_value,cfg_text) VALUES ('config_max_temp',36,'36℃');
INSERT INTO RCU_CONFIG_DEFINE (cfg_name,cfg_value,cfg_text) VALUES ('config_max_temp',37,'37℃');
INSERT INTO RCU_CONFIG_DEFINE (cfg_name,cfg_value,cfg_text) VALUES ('config_max_temp',38,'38℃');
INSERT INTO RCU_CONFIG_DEFINE (cfg_name,cfg_value,cfg_text) VALUES ('config_max_temp',39,'39℃');
INSERT INTO RCU_CONFIG_DEFINE (cfg_name,cfg_value,cfg_text) VALUES ('config_max_temp',40,'40℃');
INSERT INTO RCU_CONFIG_DEFINE (cfg_name,cfg_value,cfg_text) VALUES ('config_max_temp',41,'41℃');
INSERT INTO RCU_CONFIG_DEFINE (cfg_name,cfg_value,cfg_text) VALUES ('config_max_temp',42,'42℃');
INSERT INTO RCU_CONFIG_DEFINE (cfg_name,cfg_value,cfg_text) VALUES ('config_max_temp',43,'43℃');
INSERT INTO RCU_CONFIG_DEFINE (cfg_name,cfg_value,cfg_text) VALUES ('config_max_temp',44,'44℃');
INSERT INTO RCU_CONFIG_DEFINE (cfg_name,cfg_value,cfg_text) VALUES ('config_max_temp',45,'45℃');
INSERT INTO RCU_CONFIG_DEFINE (cfg_name,cfg_value,cfg_text) VALUES ('config_max_temp',46,'46℃');
INSERT INTO RCU_CONFIG_DEFINE (cfg_name,cfg_value,cfg_text) VALUES ('config_max_temp',47,'47℃');
INSERT INTO RCU_CONFIG_DEFINE (cfg_name,cfg_value,cfg_text) VALUES ('config_max_temp',48,'48℃');
INSERT INTO RCU_CONFIG_DEFINE (cfg_name,cfg_value,cfg_text) VALUES ('config_max_temp',49,'49℃');
INSERT INTO RCU_CONFIG_DEFINE (cfg_name,cfg_value,cfg_text) VALUES ('config_max_temp',50,'50℃');
INSERT INTO RCU_CONFIG_DEFINE (cfg_name,cfg_value,cfg_text) VALUES ('config_day',0,'0点');
INSERT INTO RCU_CONFIG_DEFINE (cfg_name,cfg_value,cfg_text) VALUES ('config_day',1,'1点');
INSERT INTO RCU_CONFIG_DEFINE (cfg_name,cfg_value,cfg_text) VALUES ('config_day',2,'2点');
INSERT INTO RCU_CONFIG_DEFINE (cfg_name,cfg_value,cfg_text) VALUES ('config_day',3,'3点');
INSERT INTO RCU_CONFIG_DEFINE (cfg_name,cfg_value,cfg_text) VALUES ('config_day',4,'4点');
INSERT INTO RCU_CONFIG_DEFINE (cfg_name,cfg_value,cfg_text) VALUES ('config_day',5,'5点');
INSERT INTO RCU_CONFIG_DEFINE (cfg_name,cfg_value,cfg_text) VALUES ('config_day',6,'6点');
INSERT INTO RCU_CONFIG_DEFINE (cfg_name,cfg_value,cfg_text) VALUES ('config_day',7,'7点');
INSERT INTO RCU_CONFIG_DEFINE (cfg_name,cfg_value,cfg_text) VALUES ('config_day',8,'8点');
INSERT INTO RCU_CONFIG_DEFINE (cfg_name,cfg_value,cfg_text) VALUES ('config_day',9,'9点');
INSERT INTO RCU_CONFIG_DEFINE (cfg_name,cfg_value,cfg_text) VALUES ('config_day',10,'10点');
INSERT INTO RCU_CONFIG_DEFINE (cfg_name,cfg_value,cfg_text) VALUES ('config_day',11,'11点');
INSERT INTO RCU_CONFIG_DEFINE (cfg_name,cfg_value,cfg_text) VALUES ('config_day',12,'12点');
INSERT INTO RCU_CONFIG_DEFINE (cfg_name,cfg_value,cfg_text) VALUES ('config_day',13,'13点');
INSERT INTO RCU_CONFIG_DEFINE (cfg_name,cfg_value,cfg_text) VALUES ('config_day',14,'14点');
INSERT INTO RCU_CONFIG_DEFINE (cfg_name,cfg_value,cfg_text) VALUES ('config_day',15,'15点');
INSERT INTO RCU_CONFIG_DEFINE (cfg_name,cfg_value,cfg_text) VALUES ('config_day',16,'16点');
INSERT INTO RCU_CONFIG_DEFINE (cfg_name,cfg_value,cfg_text) VALUES ('config_day',17,'17点');
INSERT INTO RCU_CONFIG_DEFINE (cfg_name,cfg_value,cfg_text) VALUES ('config_day',18,'18点');
INSERT INTO RCU_CONFIG_DEFINE (cfg_name,cfg_value,cfg_text) VALUES ('config_day',19,'19点');
INSERT INTO RCU_CONFIG_DEFINE (cfg_name,cfg_value,cfg_text) VALUES ('config_day',20,'20点');
INSERT INTO RCU_CONFIG_DEFINE (cfg_name,cfg_value,cfg_text) VALUES ('config_day',21,'21点');
INSERT INTO RCU_CONFIG_DEFINE (cfg_name,cfg_value,cfg_text) VALUES ('config_day',22,'22点');
INSERT INTO RCU_CONFIG_DEFINE (cfg_name,cfg_value,cfg_text) VALUES ('config_day',23,'23点');
INSERT INTO RCU_CONFIG_DEFINE (cfg_name,cfg_value,cfg_text) VALUES ('config_night',0,'0点');
INSERT INTO RCU_CONFIG_DEFINE (cfg_name,cfg_value,cfg_text) VALUES ('config_night',1,'1点');
INSERT INTO RCU_CONFIG_DEFINE (cfg_name,cfg_value,cfg_text) VALUES ('config_night',2,'2点');
INSERT INTO RCU_CONFIG_DEFINE (cfg_name,cfg_value,cfg_text) VALUES ('config_night',3,'3点');
INSERT INTO RCU_CONFIG_DEFINE (cfg_name,cfg_value,cfg_text) VALUES ('config_night',4,'4点');
INSERT INTO RCU_CONFIG_DEFINE (cfg_name,cfg_value,cfg_text) VALUES ('config_night',5,'5点');
INSERT INTO RCU_CONFIG_DEFINE (cfg_name,cfg_value,cfg_text) VALUES ('config_night',6,'6点');
INSERT INTO RCU_CONFIG_DEFINE (cfg_name,cfg_value,cfg_text) VALUES ('config_night',7,'7点');
INSERT INTO RCU_CONFIG_DEFINE (cfg_name,cfg_value,cfg_text) VALUES ('config_night',8,'8点');
INSERT INTO RCU_CONFIG_DEFINE (cfg_name,cfg_value,cfg_text) VALUES ('config_night',9,'9点');
INSERT INTO RCU_CONFIG_DEFINE (cfg_name,cfg_value,cfg_text) VALUES ('config_night',10,'10点');
INSERT INTO RCU_CONFIG_DEFINE (cfg_name,cfg_value,cfg_text) VALUES ('config_night',11,'11点');
INSERT INTO RCU_CONFIG_DEFINE (cfg_name,cfg_value,cfg_text) VALUES ('config_night',12,'12点');
INSERT INTO RCU_CONFIG_DEFINE (cfg_name,cfg_value,cfg_text) VALUES ('config_night',13,'13点');
INSERT INTO RCU_CONFIG_DEFINE (cfg_name,cfg_value,cfg_text) VALUES ('config_night',14,'14点');
INSERT INTO RCU_CONFIG_DEFINE (cfg_name,cfg_value,cfg_text) VALUES ('config_night',15,'15点');
INSERT INTO RCU_CONFIG_DEFINE (cfg_name,cfg_value,cfg_text) VALUES ('config_night',16,'16点');
INSERT INTO RCU_CONFIG_DEFINE (cfg_name,cfg_value,cfg_text) VALUES ('config_night',17,'17点');
INSERT INTO RCU_CONFIG_DEFINE (cfg_name,cfg_value,cfg_text) VALUES ('config_night',18,'18点');
INSERT INTO RCU_CONFIG_DEFINE (cfg_name,cfg_value,cfg_text) VALUES ('config_night',19,'19点');
INSERT INTO RCU_CONFIG_DEFINE (cfg_name,cfg_value,cfg_text) VALUES ('config_night',20,'20点');
INSERT INTO RCU_CONFIG_DEFINE (cfg_name,cfg_value,cfg_text) VALUES ('config_night',21,'21点');
INSERT INTO RCU_CONFIG_DEFINE (cfg_name,cfg_value,cfg_text) VALUES ('config_night',22,'22点');
INSERT INTO RCU_CONFIG_DEFINE (cfg_name,cfg_value,cfg_text) VALUES ('config_night',23,'23点');

DELETE FROM RCU_WORK_PRIORITY;

INSERT INTO RCU_WORK_PRIORITY (pri_id, pri_val, pri_text) VALUES('opera', 100, 'Opera命令');
INSERT INTO RCU_WORK_PRIORITY (pri_id, pri_val, pri_text) VALUES('refresh', 200, '刷新命令');
INSERT INTO RCU_WORK_PRIORITY (pri_id, pri_val, pri_text) VALUES('setcmd', 300, '设置命令');
INSERT INTO RCU_WORK_PRIORITY (pri_id, pri_val, pri_text) VALUES('acceptmode', 350, '被动命令');
INSERT INTO RCU_WORK_PRIORITY (pri_id, pri_val, pri_text) VALUES('daymode', 400, '白天模式');
INSERT INTO RCU_WORK_PRIORITY (pri_id, pri_val, pri_text) VALUES('nightmode', 400, '夜晚模式');
INSERT INTO RCU_WORK_PRIORITY (pri_id, pri_val, pri_text) VALUES('pollroom', 500, '轮检命令');
INSERT INTO RCU_WORK_PRIORITY (pri_id, pri_val, pri_text) VALUES('pollfloor', 600, '轮询命令');
INSERT INTO RCU_WORK_PRIORITY (pri_id, pri_val, pri_text) VALUES('pollauto', 700, '自动命令');

/*连通房id设置*/
/*30层*/
UPDATE RCU_ROOM_STATE SET suite_id = 3030 WHERE room_id = 3030;
UPDATE RCU_ROOM_STATE SET suite_id = 3030 WHERE room_id = 3031;
UPDATE RCU_ROOM_STATE SET suite_name = '3030-31' WHERE suite_id = 3030;
UPDATE RCU_ROOM_STATE SET suite_id = 3015 WHERE room_id = 3015;
UPDATE RCU_ROOM_STATE SET suite_id = 3015 WHERE room_id = 3016;
UPDATE RCU_ROOM_STATE SET suite_name = '3015-16' WHERE suite_id = 3015;
UPDATE RCU_ROOM_STATE SET suite_id = 3027 WHERE room_id = 3027;
UPDATE RCU_ROOM_STATE SET suite_id = 3027 WHERE room_id = 3028;
UPDATE RCU_ROOM_STATE SET suite_name = '3027-28' WHERE suite_id = 3027;
/*31层*/
UPDATE RCU_ROOM_STATE SET suite_id = 3130 WHERE room_id = 3130;
UPDATE RCU_ROOM_STATE SET suite_id = 3130 WHERE room_id = 3131;
UPDATE RCU_ROOM_STATE SET suite_name = '3130-31' WHERE suite_id = 3130;
UPDATE RCU_ROOM_STATE SET suite_id = 3115 WHERE room_id = 3115;
UPDATE RCU_ROOM_STATE SET suite_id = 3115 WHERE room_id = 3116;
UPDATE RCU_ROOM_STATE SET suite_name = '3115-16' WHERE suite_id = 3115;
UPDATE RCU_ROOM_STATE SET suite_id = 3127 WHERE room_id = 3127;
UPDATE RCU_ROOM_STATE SET suite_id = 3127 WHERE room_id = 3128;
UPDATE RCU_ROOM_STATE SET suite_name = '3127-28' WHERE suite_id = 3127;
/*32层*/
UPDATE RCU_ROOM_STATE SET suite_id = 3230 WHERE room_id = 3230;
UPDATE RCU_ROOM_STATE SET suite_id = 3230 WHERE room_id = 3231;
UPDATE RCU_ROOM_STATE SET suite_name = '3230-31' WHERE suite_id = 3230;
/*33层*/
UPDATE RCU_ROOM_STATE SET suite_id = 3330 WHERE room_id = 3330;
UPDATE RCU_ROOM_STATE SET suite_id = 3330 WHERE room_id = 3331;
UPDATE RCU_ROOM_STATE SET suite_name = '3330-31' WHERE suite_id = 3330;
/*34层*/
UPDATE RCU_ROOM_STATE SET suite_id = 3430 WHERE room_id = 3430;
UPDATE RCU_ROOM_STATE SET suite_id = 3430 WHERE room_id = 3431;
UPDATE RCU_ROOM_STATE SET suite_name = '3430-31' WHERE suite_id = 3430;
/*35层*/
UPDATE RCU_ROOM_STATE SET suite_id = 3530 WHERE room_id = 3530;
UPDATE RCU_ROOM_STATE SET suite_id = 3530 WHERE room_id = 3531;
UPDATE RCU_ROOM_STATE SET suite_name = '3530-31' WHERE suite_id = 3530;
/*36层*/
UPDATE RCU_ROOM_STATE SET suite_id = 3630 WHERE room_id = 3630;
UPDATE RCU_ROOM_STATE SET suite_id = 3630 WHERE room_id = 3631;
UPDATE RCU_ROOM_STATE SET suite_name = '3630-31' WHERE suite_id = 3630;
/*37层*/
UPDATE RCU_ROOM_STATE SET suite_id = 3730 WHERE room_id = 3730;
UPDATE RCU_ROOM_STATE SET suite_id = 3730 WHERE room_id = 3731;
UPDATE RCU_ROOM_STATE SET suite_name = '3730-31' WHERE suite_id = 3730;
/*38层*/
UPDATE RCU_ROOM_STATE SET suite_id = 3830 WHERE room_id = 3830;
UPDATE RCU_ROOM_STATE SET suite_id = 3830 WHERE room_id = 3831;
UPDATE RCU_ROOM_STATE SET suite_name = '3830-31' WHERE suite_id = 3830;
/*39层*/
UPDATE RCU_ROOM_STATE SET suite_id = 3930 WHERE room_id = 3930;
UPDATE RCU_ROOM_STATE SET suite_id = 3930 WHERE room_id = 3931;
UPDATE RCU_ROOM_STATE SET suite_name = '3930-31' WHERE suite_id = 3930;
/*40层*/
UPDATE RCU_ROOM_STATE SET suite_id = 4030 WHERE room_id = 4030;
UPDATE RCU_ROOM_STATE SET suite_id = 4030 WHERE room_id = 4031;
UPDATE RCU_ROOM_STATE SET suite_name = '4030-31' WHERE suite_id = 4030;
/*41层*/
UPDATE RCU_ROOM_STATE SET suite_id = 4130 WHERE room_id = 4130;
UPDATE RCU_ROOM_STATE SET suite_id = 4130 WHERE room_id = 4131;
UPDATE RCU_ROOM_STATE SET suite_name = '4130-31' WHERE suite_id = 4130;
/*42层*/
UPDATE RCU_ROOM_STATE SET suite_id = 4230 WHERE room_id = 4230;
UPDATE RCU_ROOM_STATE SET suite_id = 4230 WHERE room_id = 4231;
UPDATE RCU_ROOM_STATE SET suite_name = '4230-31' WHERE suite_id = 4230;
/*43层*/
UPDATE RCU_ROOM_STATE SET suite_id = 4330 WHERE room_id = 4330;
UPDATE RCU_ROOM_STATE SET suite_id = 4330 WHERE room_id = 4331;
UPDATE RCU_ROOM_STATE SET suite_name = '4330-31' WHERE suite_id = 4330;
/*44层*/
UPDATE RCU_ROOM_STATE SET suite_id = 4430 WHERE room_id = 4430;
UPDATE RCU_ROOM_STATE SET suite_id = 4430 WHERE room_id = 4431;
UPDATE RCU_ROOM_STATE SET suite_name = '4430-31' WHERE suite_id = 4430;
/*45层*/
UPDATE RCU_ROOM_STATE SET suite_id = 4530 WHERE room_id = 4530;
UPDATE RCU_ROOM_STATE SET suite_id = 4530 WHERE room_id = 4531;
UPDATE RCU_ROOM_STATE SET suite_name = '4530-31' WHERE suite_id = 4530;
/*46层*/
UPDATE RCU_ROOM_STATE SET suite_id = 4630 WHERE room_id = 4630;
UPDATE RCU_ROOM_STATE SET suite_id = 4630 WHERE room_id = 4631;
UPDATE RCU_ROOM_STATE SET suite_name = '4630-31' WHERE suite_id = 4630;
UPDATE RCU_ROOM_STATE SET suite_id = 4614 WHERE room_id = 4614;
UPDATE RCU_ROOM_STATE SET suite_id = 4614 WHERE room_id = 4629;
UPDATE RCU_ROOM_STATE SET suite_name = '4614-29' WHERE suite_id = 4614;
/*47层*/
UPDATE RCU_ROOM_STATE SET suite_id = 4730 WHERE room_id = 4730;
UPDATE RCU_ROOM_STATE SET suite_id = 4730 WHERE room_id = 4731;
UPDATE RCU_ROOM_STATE SET suite_name = '4730-31' WHERE suite_id = 4730;
UPDATE RCU_ROOM_STATE SET suite_id = 4714 WHERE room_id = 4714;
UPDATE RCU_ROOM_STATE SET suite_id = 4714 WHERE room_id = 4729;
UPDATE RCU_ROOM_STATE SET suite_name = '4714-29' WHERE suite_id = 4714;
/*48层*/
UPDATE RCU_ROOM_STATE SET suite_id = 4830 WHERE room_id = 4830;
UPDATE RCU_ROOM_STATE SET suite_id = 4830 WHERE room_id = 4831;
UPDATE RCU_ROOM_STATE SET suite_name = '4830-31' WHERE suite_id = 4830;
UPDATE RCU_ROOM_STATE SET suite_id = 4814 WHERE room_id = 4814;
UPDATE RCU_ROOM_STATE SET suite_id = 4814 WHERE room_id = 4829;
UPDATE RCU_ROOM_STATE SET suite_name = '4814-29' WHERE suite_id = 4814;
/*49层*/
UPDATE RCU_ROOM_STATE SET suite_id = 4930 WHERE room_id = 4930;
UPDATE RCU_ROOM_STATE SET suite_id = 4930 WHERE room_id = 4931;
UPDATE RCU_ROOM_STATE SET suite_name = '4930-31' WHERE suite_id = 4930;
UPDATE RCU_ROOM_STATE SET suite_id = 4914 WHERE room_id = 4914;
UPDATE RCU_ROOM_STATE SET suite_id = 4914 WHERE room_id = 4929;
UPDATE RCU_ROOM_STATE SET suite_name = '4914-29' WHERE suite_id = 4914;
/*50层*/
UPDATE RCU_ROOM_STATE SET suite_id = 5030 WHERE room_id = 5030;
UPDATE RCU_ROOM_STATE SET suite_id = 5030 WHERE room_id = 5031;
UPDATE RCU_ROOM_STATE SET suite_name = '5030-31' WHERE suite_id = 5030;
UPDATE RCU_ROOM_STATE SET suite_id = 5014 WHERE room_id = 5014;
UPDATE RCU_ROOM_STATE SET suite_id = 5014 WHERE room_id = 5029;
UPDATE RCU_ROOM_STATE SET suite_name = '5014-29' WHERE suite_id = 5014;
/*51层*/
UPDATE RCU_ROOM_STATE SET suite_id = 5130 WHERE room_id = 5130;
UPDATE RCU_ROOM_STATE SET suite_id = 5130 WHERE room_id = 5131;
UPDATE RCU_ROOM_STATE SET suite_name = '5130-31' WHERE suite_id = 5130;
UPDATE RCU_ROOM_STATE SET suite_id = 5114 WHERE room_id = 5114;
UPDATE RCU_ROOM_STATE SET suite_id = 5114 WHERE room_id = 5129;
UPDATE RCU_ROOM_STATE SET suite_name = '5114-29' WHERE suite_id = 5114;
/*52层*/
UPDATE RCU_ROOM_STATE SET suite_id = 5230 WHERE room_id = 5230;
UPDATE RCU_ROOM_STATE SET suite_id = 5230 WHERE room_id = 5231;
UPDATE RCU_ROOM_STATE SET suite_name = '5230-31' WHERE suite_id = 5230;
UPDATE RCU_ROOM_STATE SET suite_id = 5214 WHERE room_id = 5214;
UPDATE RCU_ROOM_STATE SET suite_id = 5214 WHERE room_id = 5229;
UPDATE RCU_ROOM_STATE SET suite_name = '5214-29' WHERE suite_id = 5214;
/*53层*/
UPDATE RCU_ROOM_STATE SET suite_id = 5330 WHERE room_id = 5330;
UPDATE RCU_ROOM_STATE SET suite_id = 5330 WHERE room_id = 5331;
UPDATE RCU_ROOM_STATE SET suite_name = '5330-31' WHERE suite_id = 5330;
UPDATE RCU_ROOM_STATE SET suite_id = 5314 WHERE room_id = 5314;
UPDATE RCU_ROOM_STATE SET suite_id = 5314 WHERE room_id = 5329;
UPDATE RCU_ROOM_STATE SET suite_name = '5314-29' WHERE suite_id = 5314;
/*54层*/
UPDATE RCU_ROOM_STATE SET suite_id = 5430 WHERE room_id = 5430;
UPDATE RCU_ROOM_STATE SET suite_id = 5430 WHERE room_id = 5431;
UPDATE RCU_ROOM_STATE SET suite_name = '5430-31' WHERE suite_id = 5430;
UPDATE RCU_ROOM_STATE SET suite_id = 5414 WHERE room_id = 5414;
UPDATE RCU_ROOM_STATE SET suite_id = 5414 WHERE room_id = 5429;
UPDATE RCU_ROOM_STATE SET suite_name = '5414-29' WHERE suite_id = 5414;
/*55层*/
UPDATE RCU_ROOM_STATE SET suite_id = 5530 WHERE room_id = 5530;
UPDATE RCU_ROOM_STATE SET suite_id = 5530 WHERE room_id = 5531;
UPDATE RCU_ROOM_STATE SET suite_name = '5530-31' WHERE suite_id = 5530;
UPDATE RCU_ROOM_STATE SET suite_id = 5514 WHERE room_id = 5514;
UPDATE RCU_ROOM_STATE SET suite_id = 5514 WHERE room_id = 5529;
UPDATE RCU_ROOM_STATE SET suite_name = '5514-29' WHERE suite_id = 5514;
/*56层*/
UPDATE RCU_ROOM_STATE SET suite_id = 5630 WHERE room_id = 5630;
UPDATE RCU_ROOM_STATE SET suite_id = 5630 WHERE room_id = 5631;
UPDATE RCU_ROOM_STATE SET suite_name = '5630-31' WHERE suite_id = 5630;
UPDATE RCU_ROOM_STATE SET suite_id = 5603 WHERE room_id = 5603;
UPDATE RCU_ROOM_STATE SET suite_id = 5603 WHERE room_id = 5604;
UPDATE RCU_ROOM_STATE SET suite_name = '5603-04' WHERE suite_id = 5603;
UPDATE RCU_ROOM_STATE SET suite_id = 5614 WHERE room_id = 5614;
UPDATE RCU_ROOM_STATE SET suite_id = 5614 WHERE room_id = 5629;
UPDATE RCU_ROOM_STATE SET suite_name = '5614-29' WHERE suite_id = 5614;
/*57层*/
UPDATE RCU_ROOM_STATE SET suite_id = 5730 WHERE room_id = 5730;
UPDATE RCU_ROOM_STATE SET suite_id = 5730 WHERE room_id = 5731;
UPDATE RCU_ROOM_STATE SET suite_name = '5730-31' WHERE suite_id = 5730;
UPDATE RCU_ROOM_STATE SET suite_id = 5703 WHERE room_id = 5703;
UPDATE RCU_ROOM_STATE SET suite_id = 5703 WHERE room_id = 5704;
UPDATE RCU_ROOM_STATE SET suite_name = '5703-04' WHERE suite_id = 5703;
UPDATE RCU_ROOM_STATE SET suite_id = 5714 WHERE room_id = 5714;
UPDATE RCU_ROOM_STATE SET suite_id = 5714 WHERE room_id = 5729;
UPDATE RCU_ROOM_STATE SET suite_name = '5714-29' WHERE suite_id = 5714;
/*58层*/
UPDATE RCU_ROOM_STATE SET suite_id = 5830 WHERE room_id = 5830;
UPDATE RCU_ROOM_STATE SET suite_id = 5830 WHERE room_id = 5831;
UPDATE RCU_ROOM_STATE SET suite_name = '5830-31' WHERE suite_id = 5830;
UPDATE RCU_ROOM_STATE SET suite_id = 5803 WHERE room_id = 5803;
UPDATE RCU_ROOM_STATE SET suite_id = 5803 WHERE room_id = 5804;
UPDATE RCU_ROOM_STATE SET suite_name = '5803-04' WHERE suite_id = 5803;
UPDATE RCU_ROOM_STATE SET suite_id = 5814 WHERE room_id = 5814;
UPDATE RCU_ROOM_STATE SET suite_id = 5814 WHERE room_id = 5829;
UPDATE RCU_ROOM_STATE SET suite_name = '5814-29' WHERE suite_id = 5814;
/*59层*/
UPDATE RCU_ROOM_STATE SET suite_id = 5930 WHERE room_id = 5930;
UPDATE RCU_ROOM_STATE SET suite_id = 5930 WHERE room_id = 5931;
UPDATE RCU_ROOM_STATE SET suite_name = '5930-31' WHERE suite_id = 5930;
UPDATE RCU_ROOM_STATE SET suite_id = 5903 WHERE room_id = 5903;
UPDATE RCU_ROOM_STATE SET suite_id = 5903 WHERE room_id = 5904;
UPDATE RCU_ROOM_STATE SET suite_name = '5903-04' WHERE suite_id = 5903;
UPDATE RCU_ROOM_STATE SET suite_id = 5914 WHERE room_id = 5914;
UPDATE RCU_ROOM_STATE SET suite_id = 5914 WHERE room_id = 5929;
UPDATE RCU_ROOM_STATE SET suite_name = '5914-29' WHERE suite_id = 5914;

COMMIT;

